id,first_name,last_name,email,gender,contact,country,company_name
1,Lanie,Newick,lnewick0@qq.com,Male,62(284)836-8049,Indonesia,Leexo
2,Dunc,Greenland,dgreenland1@geocities.jp,Male,86(841)354-0392,China,Geba
3,Dave,Duell,dduell2@fastcompany.com,Male,264(194)619-6298,Namibia,Ainyx
4,Cristian,Nisard,cnisard3@cargocollective.com,Male,234(597)207-6891,Nigeria,Jayo
5,Millard,McMennum,mmcmennum4@edublogs.org,Male,505(675)118-7538,Nicaragua,Kwimbee
6,Maddy,Ladon,mladon5@discovery.com,Male,7(771)437-6460,Russia,Brainlounge
7,Modesty,Tullis,mtullis6@spiegel.de,Female,92(415)427-0311,Pakistan,Lazzy
8,Jermaine,Munford,jmunford7@istockphoto.com,Bigender,351(477)746-9975,Portugal,Leenti
9,Ailee,Morehall,amorehall8@jigsy.com,Female,54(855)480-5151,Argentina,Realbuzz
10,Dale,Padgett,dpadgett9@usnews.com,Male,86(252)231-8429,China,Riffpedia
11,Daphna,Bradtke,dbradtkea@latimes.com,Female,63(911)861-6268,Philippines,Buzzdog
12,Clair,Labon,clabonb@nationalgeographic.com,Female,81(432)317-7673,Japan,Twitternation
13,Sarajane,Duns,sdunsc@trellian.com,Female,86(966)161-7515,China,Dabtype
14,Artemis,Arnaud,aarnaudd@upenn.edu,Male,62(242)380-4175,Indonesia,Eamia
15,Randy,Faithfull,rfaithfulle@imageshack.us,Female,265(607)166-9239,Malawi,Skinder
16,Roi,Griffitts,rgriffittsf@wikimedia.org,Male,86(914)317-5052,China,Quimba
17,Gabriell,Ivatt,givattg@spotify.com,Female,62(879)481-3202,Indonesia,Youopia
18,Yoshi,Kohnen,ykohnenh@istockphoto.com,Female,62(859)675-8315,Indonesia,Myworks
19,Arly,Azam,aazami@whitehouse.gov,Female,62(707)739-2891,Indonesia,Kamba
20,Skipper,Franzotto,sfranzottoj@woothemes.com,Male,86(394)641-3904,China,Blogtags
21,Fletcher,Ritch,fritchk@mediafire.com,Male,7(754)595-6781,Russia,Leenti
22,Vivyan,de Najera,vdenajeral@adobe.com,Female,86(104)416-2300,China,Shufflebeat
23,Stacy,Crighton,scrightonm@ucoz.com,Female,380(711)690-9667,Ukraine,Jazzy
24,Simonette,Cordeiro,scordeiron@wikipedia.org,Female,380(614)537-7602,Ukraine,Jabbertype
25,Marieann,Shotboulte,mshotboulteo@scribd.com,Female,86(529)127-1305,China,Blogtags
26,Linc,Brampton,lbramptonp@dyndns.org,Male,33(617)118-2743,France,Browsezoom
27,Kelcey,Musker,kmuskerq@vkontakte.ru,Female,420(865)652-3877,Czech Republic,Zoonder
28,Lilas,Husselbee,lhusselbeer@google.com,Female,381(822)739-7398,Serbia,Bluezoom
29,Carlotta,McVey,cmcveys@usda.gov,Female,48(337)159-3347,Poland,Centizu
30,Jen,Pinwell,jpinwellt@cocolog-nifty.com,Agender,351(924)612-4619,Portugal,Brainsphere
31,Gerome,Filipowicz,gfilipowiczu@cloudflare.com,Male,46(353)420-1292,Sweden,Gabcube
32,Jemmie,Dinkin,jdinkinv@simplemachines.org,Female,63(716)330-4059,Philippines,Kamba
33,Ewell,Stedall,estedallw@irs.gov,Male,62(400)874-8988,Indonesia,Wordware
34,Clemmy,Sockell,csockellx@furl.net,Female,63(461)819-4236,Philippines,Babblestorm
35,Donnamarie,Dober,ddobery@bravesites.com,Female,86(298)943-6318,China,Devpulse
36,Devinne,Stovold,dstovoldz@thetimes.co.uk,Female,47(599)712-1662,Norway,Vitz
37,Tiffany,Rama,trama10@myspace.com,Female,420(150)696-5002,Czech Republic,Centidel
38,Hammad,MacFadzean,hmacfadzean11@cmu.edu,Male,62(925)522-9141,Indonesia,Zoomdog
39,Raye,Egleton,regleton12@arizona.edu,Female,7(139)231-0181,Russia,Devbug
40,Anastasie,Malmar,amalmar13@behance.net,Female,63(797)528-2277,Philippines,Skippad
41,Salim,Hacker,shacker14@usnews.com,Male,86(502)976-3444,China,Realfire
42,Wendall,Iggo,wiggo15@ask.com,Male,98(892)421-8488,Iran,Mynte
43,Clementius,Wallen,cwallen16@craigslist.org,Male,63(895)674-8045,Philippines,JumpXS
44,Janela,Cauthra,jcauthra17@slate.com,Female,86(855)122-8417,China,Zava
45,Dollie,Coull,dcoull18@imgur.com,Female,351(193)583-1365,Portugal,Eidel
46,Sidney,Hendrickson,shendrickson19@arstechnica.com,Genderqueer,86(135)231-7751,China,Dablist
47,Irwinn,Ortas,iortas1a@eventbrite.com,Male,48(530)784-9874,Poland,Vinte
48,Lezlie,Stubbin,lstubbin1b@mediafire.com,Female,47(737)988-8595,Norway,Tagpad
49,Moore,Iacovielli,miacovielli1c@devhub.com,Male,66(428)843-7039,Thailand,Livetube
50,Leif,Seth,lseth1d@studiopress.com,Male,234(215)198-8145,Nigeria,Zooxo
51,Ryley,Wellbank,rwellbank1e@drupal.org,Male,33(721)730-2136,France,Wikizz
52,Baryram,Brocking,bbrocking1f@geocities.com,Male,62(975)780-3916,Indonesia,Yakijo
53,Pembroke,Munkley,pmunkley1g@dropbox.com,Bigender,86(804)880-2209,China,Mudo
54,Mac,Cowtherd,mcowtherd1h@g.co,Male,62(494)410-6331,Indonesia,Wikizz
55,Juline,Wavish,jwavish1i@mtv.com,Female,237(838)325-8390,Cameroon,Divape
56,Cristionna,Prop,cprop1j@rakuten.co.jp,Genderfluid,95(256)605-3892,Myanmar,Mydeo
57,Tamiko,Townley,ttownley1k@yolasite.com,Female,86(755)118-6350,China,Agimba
58,Will,Gair,wgair1l@wikipedia.org,Male,86(405)512-2705,China,Browsezoom
59,Thelma,Skaife,tskaife1m@cdbaby.com,Female,7(831)412-2855,Russia,Jayo
60,Maurise,Slorance,mslorance1n@thetimes.co.uk,Male,30(355)512-4654,Greece,Jabbersphere
61,Koressa,Fayers,kfayers1o@php.net,Female,254(979)581-1646,Kenya,Flashdog
62,Agnola,Oakshott,aoakshott1p@elegantthemes.com,Female,86(263)120-6294,China,Mudo
63,Saba,Fullwood,sfullwood1q@fema.gov,Female,374(816)354-2749,Armenia,Browsecat
64,Dominique,Clampton,dclampton1r@imageshack.us,Male,7(133)507-0067,Kazakhstan,Linkbridge
65,Trude,Drewitt,tdrewitt1s@google.pl,Female,86(482)184-2603,China,Zooxo
66,Jeralee,Dadswell,jdadswell1t@amazon.co.jp,Female,1(801)529-8244,United States,Youopia
67,Jeremiah,Wardington,jwardington1u@live.com,Male,86(316)861-8335,China,Browsetype
68,Alphard,Greschke,agreschke1v@canalblog.com,Male,420(532)332-6841,Czech Republic,Cogidoo
69,Lennie,Huyche,lhuyche1w@topsy.com,Male,967(998)421-0640,Yemen,Dabvine
70,Eldredge,Greenland,egreenland1x@flickr.com,Male,86(184)614-1727,China,Bubbletube
71,Allyn,Deakes,adeakes1y@yellowpages.com,Female,351(356)375-2077,Portugal,Twitterbeat
72,Hube,Empleton,hempleton1z@bravesites.com,Polygender,591(310)449-2800,Bolivia,Skimia
73,Fowler,Brik,fbrik20@domainmarket.com,Male,86(552)328-4416,China,Kazio
74,Hali,O'Regan,horegan21@bandcamp.com,Female,7(842)626-6076,Russia,Youfeed
75,Bruno,Smithson,bsmithson22@livejournal.com,Male,30(633)359-1876,Greece,Leexo
76,Tonye,Chapelle,tchapelle23@barnesandnoble.com,Female,33(558)481-3496,France,Ntags
77,Jeannine,Matthieson,jmatthieson24@skype.com,Female,216(419)235-9160,Tunisia,Feednation
78,Letitia,Hinstock,lhinstock25@elegantthemes.com,Genderfluid,33(906)237-3509,France,Meezzy
79,Gunner,Ivanin,givanin26@ask.com,Male,504(434)298-0548,Honduras,Wikizz
80,Rae,Fabbri,rfabbri27@hao123.com,Female,33(896)123-6585,France,Abatz
81,Tommi,Orrocks,torrocks28@twitpic.com,Female,46(179)163-1493,Sweden,Zoomdog
82,Araldo,Kirman,akirman29@linkedin.com,Male,53(417)160-1097,Cuba,Voonix
83,Ty,Ugo,tugo2a@i2i.jp,Male,502(979)194-6615,Guatemala,Kazu
84,Webb,Sorrill,wsorrill2b@google.de,Male,86(890)415-0231,China,Flashdog
85,Fredericka,Malam,fmalam2c@chronoengine.com,Female,381(707)661-2388,Serbia,LiveZ
86,Herbert,Shanahan,hshanahan2d@mysql.com,Male,86(555)676-8139,China,Topicware
87,Hunt,Chrismas,hchrismas2e@sphinn.com,Male,51(190)621-2726,Peru,Zooxo
88,Iggy,Whoolehan,iwhoolehan2f@google.co.jp,Male,62(308)373-5370,Indonesia,Zoovu
89,Early,Sherrum,esherrum2g@barnesandnoble.com,Male,234(858)786-7728,Nigeria,Oba
90,Kathryne,Trundell,ktrundell2h@wordpress.com,Female,81(812)770-9323,Japan,Topicware
91,Aldous,Hadwin,ahadwin2i@wired.com,Male,62(618)636-0791,Indonesia,Eare
92,Leanor,Retallick,lretallick2j@amazon.co.jp,Female,62(236)335-0594,Indonesia,Lazzy
93,Waylin,Acarson,wacarson2k@businessinsider.com,Genderfluid,63(825)532-1936,Philippines,Flashpoint
94,Julie,Martygin,jmartygin2l@google.nl,Female,7(360)545-1869,Russia,Realmix
95,Obidiah,Shickle,oshickle2m@blog.com,Male,48(338)693-7329,Poland,Yoveo
96,Immanuel,Bumfrey,ibumfrey2n@123-reg.co.uk,Male,63(789)298-7847,Philippines,Blogtag
97,Nikki,Troop,ntroop2o@netlog.com,Female,503(989)835-3500,El Salvador,Skipstorm
98,Durward,Battaille,dbattaille2p@list-manage.com,Male,7(871)761-5862,Russia,Buzzshare
99,Orly,Macbane,omacbane2q@aboutads.info,Female,63(297)256-7105,Philippines,Skippad
100,Catlin,Wickett,cwickett2r@sfgate.com,Female,7(818)299-1616,Russia,Camido
101,Vere,Hughes,vhughes2s@disqus.com,Female,30(650)769-7461,Greece,Oyoba
102,Bernarr,Kort,bkort2t@theatlantic.com,Male,52(503)579-4590,Mexico,Livetube
103,Melvyn,Muxworthy,mmuxworthy2u@un.org,Male,7(697)129-3249,Russia,Fiveclub
104,Abagail,Huzzey,ahuzzey2v@abc.net.au,Female,51(754)881-4267,Peru,Skinix
105,Gertrud,Dallman,gdallman2w@imgur.com,Female,86(389)278-7568,China,Demizz
106,Tomasina,Bront,tbront2x@prnewswire.com,Female,380(386)726-0461,Ukraine,Dazzlesphere
107,Travus,Hedingham,thedingham2y@istockphoto.com,Male,385(556)911-3501,Croatia,Roodel
108,Nicolle,Pett,npett2z@diigo.com,Female,389(472)547-0393,Macedonia,Skipfire
109,Buddy,Boorne,bboorne30@ehow.com,Male,86(113)505-5571,China,Skyble
110,Kerstin,Pindell,kpindell31@reddit.com,Female,27(681)543-1374,South Africa,Skipstorm
111,Dinah,Errichiello,derrichiello32@unc.edu,Female,33(752)449-2369,France,Thoughtbeat
112,Morgan,Coghlin,mcoghlin33@is.gd,Female,380(945)785-7537,Ukraine,Thoughtsphere
113,Sandra,Broschek,sbroschek34@networkadvertising.org,Female,351(409)659-9337,Portugal,Jetwire
114,Parry,Love,plove35@washingtonpost.com,Male,86(640)951-7520,China,Jaxworks
115,Owen,Seiller,oseiller36@loc.gov,Male,242(908)310-0550,Republic of the Congo,Blognation
116,Marylee,Ryall,mryall37@upenn.edu,Female,1(704)545-9501,United States,Youspan
117,Rickert,Morman,rmorman38@yandex.ru,Bigender,7(478)590-9733,Russia,Voonder
118,Justen,Denial,jdenial39@wired.com,Male,49(799)414-0634,Germany,Thoughtworks
119,Mohandis,Stuer,mstuer3a@latimes.com,Male,48(322)425-5559,Poland,Mudo
120,Gaylene,Pitson,gpitson3b@livejournal.com,Female,356(969)268-0515,Malta,Tagpad
121,Mic,Vick,mvick3c@fda.gov,Male,33(994)382-7571,France,Devpoint
122,Stu,Kernaghan,skernaghan3d@mediafire.com,Male,86(684)504-8347,China,Gabspot
123,Dierdre,Musla,dmusla3e@noaa.gov,Genderfluid,48(325)899-1955,Poland,Skidoo
124,Kerry,Huton,khuton3f@goo.gl,Male,62(479)788-1029,Indonesia,Oyoloo
125,Cullen,Ferreira,cferreira3g@domainmarket.com,Male,237(486)309-2645,Cameroon,Vipe
126,Arv,Daybell,adaybell3h@smh.com.au,Male,58(128)233-1259,Venezuela,Abatz
127,Illa,Carlin,icarlin3i@businessinsider.com,Female,20(594)627-5565,Egypt,Trunyx
128,Sanders,Acklands,sacklands3j@redcross.org,Male,62(584)977-0406,Indonesia,Ntags
129,Cordy,Bloys,cbloys3k@answers.com,Female,33(892)201-9159,France,Feedfish
130,Averell,Punshon,apunshon3l@sitemeter.com,Male,1(951)993-1987,Canada,Zooxo
131,Vincent,Arter,varter3m@google.nl,Male,62(404)991-4250,Indonesia,Jetpulse
132,Barry,Groundwater,bgroundwater3n@yandex.ru,Male,86(145)286-2901,China,Thoughtblab
133,Christiano,Berka,cberka3o@so-net.ne.jp,Male,1(140)256-3670,Dominican Republic,Yodo
134,Clem,Whittlesea,cwhittlesea3p@addthis.com,Male,55(541)328-9845,Brazil,Meejo
135,Iain,Iannitti,iiannitti3q@dropbox.com,Male,86(323)624-9432,China,Kare
136,Edgard,Tooke,etooke3r@cbsnews.com,Male,237(327)877-3438,Cameroon,Divavu
137,Vick,Pabel,vpabel3s@thetimes.co.uk,Male,351(261)801-3134,Portugal,Trudeo
138,Skelly,Beaglehole,sbeaglehole3t@scientificamerican.com,Male,34(156)122-5526,Spain,Mydeo
139,Jobey,Frankum,jfrankum3u@flavors.me,Female,351(296)526-0089,Portugal,Brainlounge
140,Simmonds,Sillett,ssillett3v@quantcast.com,Male,63(495)477-0088,Philippines,Quimba
141,Natale,Spilling,nspilling3w@ed.gov,Male,33(127)356-3744,France,Tagpad
142,Dinnie,Baversor,dbaversor3x@vistaprint.com,Non-binary,62(549)795-4246,Indonesia,Tagfeed
143,Bartlet,Rodgman,brodgman3y@bravesites.com,Male,86(330)856-5557,China,Demivee
144,Kora,Loddon,kloddon3z@pinterest.com,Female,86(758)591-1099,China,Gevee
145,Brandie,Horribine,bhorribine40@mozilla.com,Non-binary,82(163)883-0741,South Korea,Vimbo
146,Ly,Bustard,lbustard41@youtube.com,Male,995(785)413-2151,Georgia,Yamia
147,Dixie,Forge,dforge42@scientificamerican.com,Female,55(196)807-3329,Brazil,Tazzy
148,Archaimbaud,McAllister,amcallister43@upenn.edu,Male,86(152)989-4806,China,Ntags
149,Corene,Geroldini,cgeroldini44@princeton.edu,Female,62(787)757-3762,Indonesia,Fivebridge
150,Erminie,Lehrian,elehrian45@businessweek.com,Female,46(722)272-0633,Sweden,Rhyzio
151,Beverlie,Keenlayside,bkeenlayside46@hubpages.com,Female,84(240)867-2296,Vietnam,Flashdog
152,Elissa,Durdle,edurdle47@cocolog-nifty.com,Female,351(236)634-3110,Portugal,Flipstorm
153,Opaline,Hounsom,ohounsom48@woothemes.com,Female,880(295)798-5656,Bangladesh,Eabox
154,Yorgo,Holbarrow,yholbarrow49@eventbrite.com,Male,237(516)583-1491,Cameroon,Vinder
155,Juline,Austins,jaustins4a@jimdo.com,Female,7(548)418-9520,Russia,Jayo
156,Vinson,Dimmock,vdimmock4b@tmall.com,Male,1(292)819-9871,Canada,Dynava
157,Husain,Emerton,hemerton4c@blinklist.com,Male,62(677)289-3132,Indonesia,Tagtune
158,Arabella,Zettler,azettler4d@usgs.gov,Female,380(296)844-1522,Ukraine,Avavee
159,Caron,Tyler,ctyler4e@google.co.uk,Female,260(734)968-5715,Zambia,Plambee
160,Rhianon,Klausen,rklausen4f@accuweather.com,Female,221(381)760-9742,Senegal,Yakijo
161,Theodore,Sturr,tsturr4g@dyndns.org,Male,359(150)135-3146,Bulgaria,Lajo
162,Clair,Avrashin,cavrashin4h@creativecommons.org,Male,54(472)752-1522,Argentina,Vinte
163,Kippar,Lutas,klutas4i@ustream.tv,Male,55(286)252-7860,Brazil,Twiyo
164,Rocky,Shovlar,rshovlar4j@360.cn,Male,33(461)787-9867,France,Zoozzy
165,Nedda,Gant,ngant4k@1und1.de,Female,54(662)788-6782,Argentina,Topicware
166,Erinna,McNalley,emcnalley4l@independent.co.uk,Female,962(496)992-2691,Jordan,Babbleset
167,Sholom,Grimmett,sgrimmett4m@reverbnation.com,Male,256(780)479-8007,Uganda,Gabcube
168,Meghan,McLeese,mmcleese4n@purevolume.com,Female,64(635)590-0331,New Zealand,Browseblab
169,Edward,O'Curran,eocurran4o@comsenz.com,Male,1(830)104-4428,Canada,Kare
170,Freedman,Porker,fporker4p@webs.com,Male,46(276)321-7566,Sweden,Jetwire
171,Dario,Quemby,dquemby4q@wp.com,Male,351(717)780-9143,Portugal,Fivebridge
172,Auguste,Gaffey,agaffey4r@smugmug.com,Female,86(809)536-2527,China,Gigaclub
173,Alyson,Smallbone,asmallbone4s@blogger.com,Polygender,86(945)928-9928,China,Tanoodle
174,Vince,Wiley,vwiley4t@joomla.org,Male,591(422)467-7009,Bolivia,Agimba
175,Jocelyn,Constant,jconstant4u@yale.edu,Genderfluid,30(274)788-1665,Greece,Brainlounge
176,Gustavus,Kollach,gkollach4v@disqus.com,Genderqueer,963(410)785-5322,Syria,Brainverse
177,Josephina,Gauler,jgauler4w@hostgator.com,Female,32(103)823-4779,Belgium,Trudoo
178,Kiri,Powrie,kpowrie4x@census.gov,Female,54(493)822-8522,Argentina,Oloo
179,Elene,Winterson,ewinterson4y@nyu.edu,Female,52(144)895-4887,Mexico,Wikivu
180,Hermy,Iremonger,hiremonger4z@taobao.com,Male,86(840)153-1590,China,Ntag
181,Ellwood,Remer,eremer50@chronoengine.com,Male,86(479)428-4899,China,BlogXS
182,Gwenneth,Fernie,gfernie51@discuz.net,Female,351(171)504-2989,Portugal,Oba
183,Porter,Collcott,pcollcott52@miibeian.gov.cn,Male,216(703)240-0751,Tunisia,Browseblab
184,Arnuad,Yvon,ayvon53@youtu.be,Bigender,351(364)665-0801,Portugal,Flipbug
185,Madge,Whal,mwhal54@cdc.gov,Female,55(787)974-3738,Brazil,Skynoodle
186,Em,Tabbernor,etabbernor55@ebay.co.uk,Female,86(989)219-2582,China,Wikido
187,Fabiano,Triebner,ftriebner56@networksolutions.com,Male,351(952)266-4777,Portugal,Chatterbridge
188,Ludwig,Renney,lrenney57@comsenz.com,Male,86(534)878-5477,China,Kazio
189,Kenyon,Wingeatt,kwingeatt58@canalblog.com,Male,964(567)334-8218,Iraq,Devpulse
190,Stacie,Goold,sgoold59@sina.com.cn,Female,86(614)471-7668,China,Reallinks
191,Donall,Gladwish,dgladwish5a@noaa.gov,Male,269(119)169-5628,Comoros,Devpoint
192,Iggy,Mochar,imochar5b@domainmarket.com,Male,60(266)583-2652,Malaysia,Camimbo
193,Emlen,Queyeiro,equeyeiro5c@seesaa.net,Male,593(895)895-5120,Ecuador,Dynava
194,Vladamir,Bilfoot,vbilfoot5d@amazon.co.uk,Male,63(171)664-6862,Philippines,Skilith
195,Marcello,Grunwall,mgrunwall5e@kickstarter.com,Male,86(268)741-7199,China,Oyondu
196,Max,Andrusyak,mandrusyak5f@indiegogo.com,Male,86(590)795-0319,China,Gigabox
197,Trstram,Burn,tburn5g@nyu.edu,Male,57(508)891-1984,Colombia,Myworks
198,Rikki,Innot,rinnot5h@imdb.com,Female,212(319)673-3953,Morocco,Dabfeed
199,Lance,Dreye,ldreye5i@reverbnation.com,Male,48(688)623-6759,Poland,Lajo
200,Joni,Dinnington,jdinnington5j@webeden.co.uk,Female,263(666)686-4746,Zimbabwe,Thoughtstorm
201,Jonathon,Chessor,jchessor5k@census.gov,Male,375(922)699-3702,Belarus,Voomm
202,Barclay,Baxendale,bbaxendale5l@mit.edu,Male,977(977)765-4959,Nepal,Tagpad
203,Byrann,Gillino,bgillino5m@vimeo.com,Male,62(637)544-6104,Indonesia,Thoughtbridge
204,Stephana,Cardillo,scardillo5n@newsvine.com,Female,47(798)979-2326,Norway,Zazio
205,Dorian,MacNulty,dmacnulty5o@unblog.fr,Male,351(502)517-2865,Portugal,Skibox
206,Kit,Thomerson,kthomerson5p@last.fm,Male,62(201)539-5275,Indonesia,Livepath
207,Hermy,Hatfull,hhatfull5q@typepad.com,Male,56(946)761-2449,Chile,Edgeify
208,Frasco,Marthen,fmarthen5r@wikipedia.org,Male,7(912)251-7125,Russia,Linktype
209,Leda,Hayesman,lhayesman5s@google.co.uk,Female,58(975)233-9413,Venezuela,Jabberbean
210,Trula,Derobert,tderobert5t@tumblr.com,Female,996(412)799-8238,Kyrgyzstan,Leenti
211,Ricoriki,Bellwood,rbellwood5u@xing.com,Male,7(235)103-7050,Kazakhstan,Zooxo
212,Hildagarde,Wintersgill,hwintersgill5v@google.cn,Female,93(491)314-4128,Afghanistan,Aibox
213,Sutherland,Durnill,sdurnill5w@nsw.gov.au,Male,86(593)502-0402,China,Youopia
214,Spense,Crichmere,scrichmere5x@imdb.com,Male,66(274)890-8089,Thailand,Rooxo
215,Clywd,Woolard,cwoolard5y@dailymail.co.uk,Male,58(753)713-4747,Venezuela,Yodel
216,Ailina,Taborre,ataborre5z@theglobeandmail.com,Female,64(903)484-7523,New Zealand,Trilith
217,Darnell,Kilpin,dkilpin60@independent.co.uk,Male,86(123)913-8804,China,Blognation
218,Wolfie,Wills,wwills61@gmpg.org,Male,63(548)551-3615,Philippines,Browsebug
219,Grete,Lown,glown62@fastcompany.com,Female,62(132)213-9853,Indonesia,Devshare
220,Happy,Pegrum,hpegrum63@biblegateway.com,Female,86(738)330-2916,China,Midel
221,Vinita,Ratt,vratt64@irs.gov,Female,375(954)539-3018,Belarus,Devshare
222,Mahmud,Warters,mwarters65@hhs.gov,Bigender,420(360)789-3371,Czech Republic,Centizu
223,Berkie,Mollindinia,bmollindinia66@artisteer.com,Male,45(456)983-4088,Denmark,Topicstorm
224,Trefor,De Cruz,tdecruz67@ihg.com,Male,7(226)332-4975,Russia,Divape
225,Randi,Bucknall,rbucknall68@msu.edu,Male,98(149)731-8655,Iran,Wordify
226,Ulla,Ilive,uilive69@google.es,Female,86(688)413-0980,China,Brainlounge
227,Berne,Leer,bleer6a@theguardian.com,Male,94(850)549-5228,Sri Lanka,Youbridge
228,Lorinda,McGinny,lmcginny6b@webnode.com,Female,33(796)724-5189,France,Yadel
229,Hasty,Seebert,hseebert6c@mozilla.org,Male,1(773)775-3418,United States,Myworks
230,Kellina,Currall,kcurrall6d@weebly.com,Female,225(875)628-9227,Ivory Coast,Oyonder
231,Westbrooke,Gorstidge,wgorstidge6e@china.com.cn,Male,20(546)139-3503,Egypt,Yombu
232,Wendall,Birdsey,wbirdsey6f@shutterfly.com,Male,63(293)983-9840,Philippines,Flashset
233,Moises,Hardwell,mhardwell6g@google.de,Male,46(451)404-9047,Sweden,Dynabox
234,Diann,Okenfold,dokenfold6h@lycos.com,Female,62(852)598-5612,Indonesia,Riffwire
235,Casie,Forrestor,cforrestor6i@prlog.org,Female,963(246)316-4249,Syria,Omba
236,Dayle,Vanichkov,dvanichkov6j@imdb.com,Bigender,374(845)291-8191,Armenia,Kaymbo
237,Johannes,Duffree,jduffree6k@histats.com,Male,509(826)943-6565,Haiti,Skyndu
238,Cornela,Donlon,cdonlon6l@nyu.edu,Female,971(186)295-0320,United Arab Emirates,Photobean
239,Barron,Heggs,bheggs6m@apple.com,Male,355(355)480-6907,Albania,Topicstorm
240,Moyna,Fogt,mfogt6n@noaa.gov,Female,1(810)784-9553,United States,Jamia
241,Cheryl,Beeden,cbeeden6o@aol.com,Female,52(316)894-9125,Mexico,Twitterbeat
242,Liuka,Basterfield,lbasterfield6p@senate.gov,Female,234(643)627-8785,Nigeria,Zoomdog
243,Alden,Boni,aboni6q@webnode.com,Male,7(363)995-0262,Russia,Chatterbridge
244,Doretta,Wonham,dwonham6r@quantcast.com,Female,86(650)278-0864,China,Pixonyx
245,Orv,Haquard,ohaquard6s@com.com,Male,48(828)784-1657,Poland,Jaxnation
246,Grazia,Dee,gdee6t@barnesandnoble.com,Female,86(444)488-9061,China,Voomm
247,Gunther,Josephov,gjosephov6u@sfgate.com,Male,57(873)790-1244,Colombia,Rhynoodle
248,Pincas,Grinishin,pgrinishin6v@altervista.org,Male,1(414)641-3481,United States,Zoozzy
249,Holden,Jansa,hjansa6w@ustream.tv,Male,86(848)891-8715,China,Quatz
250,Dorey,Harwin,dharwin6x@ebay.com,Female,86(456)786-9016,China,Feedmix
251,Debby,Olensby,dolensby6y@multiply.com,Female,56(822)897-7283,Chile,Roomm
252,Silvester,Georgelin,sgeorgelin6z@yelp.com,Male,48(759)551-9053,Poland,Kamba
253,Clareta,Keese,ckeese70@usda.gov,Female,51(147)440-8200,Peru,Avaveo
254,Doyle,Brislane,dbrislane71@arizona.edu,Male,351(212)251-1708,Portugal,Zazio
255,Virginie,Radband,vradband72@sohu.com,Female,86(395)663-6333,China,Livetube
256,Rozalie,Fantin,rfantin73@elegantthemes.com,Female,86(164)338-5312,China,Kaymbo
257,Aretha,Rowlands,arowlands74@nymag.com,Female,86(210)583-0054,China,Bubbletube
258,Jamie,Greger,jgreger75@macromedia.com,Female,216(893)593-9830,Tunisia,Chatterpoint
259,Harley,Brettle,hbrettle76@ucla.edu,Agender,81(636)584-8313,Japan,Zoovu
260,Doroteya,Fleming,dfleming77@seesaa.net,Female,86(590)568-4095,China,Dynazzy
261,Dani,Maltster,dmaltster78@zimbio.com,Female,386(396)874-5591,Slovenia,Tazzy
262,Noel,Chatenier,nchatenier79@digg.com,Female,353(904)663-7976,Ireland,Twinder
263,Piper,Kubasiewicz,pkubasiewicz7a@wikipedia.org,Female,86(533)556-8663,China,Skyndu
264,Paddie,Swindall,pswindall7b@samsung.com,Male,351(545)559-8274,Portugal,Buzzshare
265,Darbie,Fley,dfley7c@si.edu,Female,47(347)355-4096,Norway,Voonte
266,Cristine,Hulbert,chulbert7d@netscape.com,Female,86(544)967-8137,China,Skyndu
267,Ade,Tribell,atribell7e@sourceforge.net,Male,260(195)236-9744,Zambia,Yotz
268,Nell,Jones,njones7f@washington.edu,Female,54(639)412-5628,Argentina,Meevee
269,Darb,Hairesnape,dhairesnape7g@pagesperso-orange.fr,Male,63(439)950-9049,Philippines,Jayo
270,Orsola,Torregiani,otorregiani7h@bloglines.com,Female,380(245)448-9951,Ukraine,LiveZ
271,Grazia,Hawton,ghawton7i@1688.com,Female,380(767)588-4757,Ukraine,JumpXS
272,Herbie,Reddoch,hreddoch7j@flickr.com,Male,380(737)569-7538,Ukraine,Blognation
273,Lionel,Hairsine,lhairsine7k@yahoo.co.jp,Male,381(885)115-0160,Serbia,Dabvine
274,Northrop,Kinnach,nkinnach7l@google.pl,Male,52(750)591-6064,Mexico,Skajo
275,Shina,Crosi,scrosi7m@yolasite.com,Non-binary,86(324)650-3701,China,Jetpulse
276,Kirby,Goosnell,kgoosnell7n@army.mil,Bigender,84(757)784-4704,Vietnam,Meeveo
277,Aretha,Tossell,atossell7o@jiathis.com,Female,86(123)179-2728,China,Realbridge
278,Rickie,Evans,revans7p@bbc.co.uk,Male,86(720)288-3825,China,Avavee
279,Casar,Jellett,cjellett7q@huffingtonpost.com,Male,351(363)624-8873,Portugal,Twitternation
280,Addia,Tarquinio,atarquinio7r@imageshack.us,Female,33(963)341-6818,France,LiveZ
281,Gal,Cossell,gcossell7s@walmart.com,Male,63(852)660-5158,Philippines,Dynabox
282,Greg,Mecozzi,gmecozzi7t@webnode.com,Male,86(495)295-1986,China,Zoonoodle
283,Tiebout,De Anesy,tdeanesy7u@aboutads.info,Male,81(543)293-7638,Japan,Buzzdog
284,Felike,Culwen,fculwen7v@shutterfly.com,Male,46(448)345-7705,Sweden,Tanoodle
285,Alphard,Berget,aberget7w@aboutads.info,Male,995(104)888-9988,Georgia,Voonyx
286,Jana,Barbour,jbarbour7x@mozilla.com,Female,381(953)786-2232,Serbia,Skaboo
287,Enos,Leadbitter,eleadbitter7y@xinhuanet.com,Male,62(375)957-5223,Indonesia,Twimbo
288,Carrol,Mattosoff,cmattosoff7z@t-online.de,Male,7(919)793-7733,Russia,Omba
289,Guendolen,Carpe,gcarpe80@edublogs.org,Genderfluid,386(316)744-6575,Slovenia,Divavu
290,Brocky,Gurden,bgurden81@live.com,Male,380(978)467-6645,Ukraine,Yabox
291,Lilyan,Jorgesen,ljorgesen82@google.com.au,Female,507(182)360-2471,Panama,Topicware
292,Sheba,Ternent,sternent83@buzzfeed.com,Female,51(900)829-9905,Peru,Avamm
293,Nial,Hayward,nhayward84@statcounter.com,Non-binary,62(739)615-9712,Indonesia,Skajo
294,Elnora,Nashe,enashe85@fema.gov,Female,34(408)819-0752,Spain,Jamia
295,Lorilee,Eggleton,leggleton86@reference.com,Genderfluid,86(516)433-8093,China,Yabox
296,Maryrose,Congdon,mcongdon87@princeton.edu,Female,81(110)981-5821,Japan,Oloo
297,Raffaello,Koch,rkoch88@hugedomains.com,Polygender,234(143)976-5399,Nigeria,Fatz
298,Emlyn,Antonutti,eantonutti89@gnu.org,Male,86(754)612-9364,China,Jetpulse
299,Laetitia,Arnson,larnson8a@scientificamerican.com,Female,33(577)523-5259,France,Agivu
300,Natalee,Laviss,nlaviss8b@mlb.com,Agender,1(185)472-3663,Canada,Brightdog
301,Wynn,Blakeborough,wblakeborough8c@usatoday.com,Female,62(207)367-7889,Indonesia,Livetube
302,Ephrem,Matkovic,ematkovic8d@umn.edu,Male,1(177)261-9836,Canada,Tagpad
303,Donall,Harvison,dharvison8e@angelfire.com,Male,62(829)427-0153,Indonesia,Devshare
304,Ax,Quinsee,aquinsee8f@over-blog.com,Polygender,86(170)250-7795,China,Avamba
305,Susana,Blew,sblew8g@guardian.co.uk,Female,380(697)129-7003,Ukraine,Agimba
306,Orel,Langsdon,olangsdon8h@com.com,Female,505(463)766-8654,Nicaragua,Quatz
307,Olimpia,Schachter,oschachter8i@slashdot.org,Female,267(869)501-8309,Botswana,Gabspot
308,Bern,Dennant,bdennant8j@washingtonpost.com,Male,228(348)683-3012,Togo,Oba
309,Heidie,Maliffe,hmaliffe8k@google.com.au,Female,86(106)602-5826,China,Meeveo
310,Maurise,Lardier,mlardier8l@de.vu,Male,86(331)432-4044,China,Jayo
311,Minnnie,Ofield,mofield8m@hc360.com,Female,52(791)881-9062,Mexico,Topiclounge
312,Madel,Blyth,mblyth8n@auda.org.au,Female,420(763)526-7201,Czech Republic,Buzzdog
313,Stella,Kubacek,skubacek8o@4shared.com,Female,86(892)695-1959,China,Oyonder
314,Niles,Maffulli,nmaffulli8p@nyu.edu,Male,52(840)221-4826,Mexico,Browsetype
315,Lon,Gregoli,lgregoli8q@com.com,Male,86(130)628-7977,China,Gigashots
316,Willyt,Goldberg,wgoldberg8r@seesaa.net,Female,82(479)936-5712,South Korea,Wikizz
317,Reeta,Swetman,rswetman8s@eventbrite.com,Female,58(683)894-4776,Venezuela,Npath
318,Emelda,Livezey,elivezey8t@msn.com,Polygender,7(456)965-3370,Russia,Skyble
319,Isidor,Siegertsz,isiegertsz8u@technorati.com,Male,54(443)258-7138,Argentina,Trunyx
320,Angelo,Dicey,adicey8v@businesswire.com,Agender,63(928)627-0139,Philippines,Trilith
321,Vincenz,Hurlston,vhurlston8w@creativecommons.org,Male,502(683)430-1780,Guatemala,Devpulse
322,Timmi,Beaumont,tbeaumont8x@behance.net,Female,261(820)176-3089,Madagascar,Zooxo
323,Ingelbert,Shiels,ishiels8y@ucsd.edu,Male,86(575)672-4912,China,Tambee
324,Ema,Hallatt,ehallatt8z@umich.edu,Female,81(929)625-3975,Japan,Rhycero
325,Viviyan,Clynter,vclynter90@timesonline.co.uk,Female,86(524)486-7189,China,Lazzy
326,Cybil,Gabby,cgabby91@statcounter.com,Female,224(459)735-3618,Guinea,Buzzdog
327,Carline,Mountcastle,cmountcastle92@house.gov,Bigender,970(735)687-7725,Palestinian Territory,Blogpad
328,Franklin,Kembrey,fkembrey93@amazonaws.com,Male,387(749)302-8156,Bosnia and Herzegovina,Feedbug
329,Dorelle,Kembery,dkembery94@e-recht24.de,Female,63(280)209-1084,Philippines,Dynabox
330,Cleavland,Roz,croz95@cbsnews.com,Male,86(151)549-0447,China,Bubblebox
331,Keriann,Dunsmuir,kdunsmuir96@spotify.com,Female,7(805)309-0567,Kazakhstan,Zoomdog
332,Davin,Caitlin,dcaitlin97@addthis.com,Male,62(367)564-3994,Indonesia,Linklinks
333,Crysta,Rominov,crominov98@hibu.com,Female,7(521)797-6691,Russia,Jabberbean
334,Cybil,Sterre,csterre99@uol.com.br,Genderfluid,7(725)977-4481,Russia,Oyoba
335,Lucila,Barefoot,lbarefoot9a@youtu.be,Female,62(456)446-4478,Indonesia,Zoomdog
336,Kattie,Neesham,kneesham9b@networkadvertising.org,Female,995(788)870-3636,Georgia,Divavu
337,Iona,Shirer,ishirer9c@reference.com,Female,351(844)235-3598,Portugal,Topicshots
338,Shina,Thornally,sthornally9d@cnbc.com,Female,63(525)177-8875,Philippines,Divavu
339,Rhodia,Davidge,rdavidge9e@examiner.com,Female,63(913)303-0339,Philippines,Edgepulse
340,Wandis,Spence,wspence9f@oaic.gov.au,Female,48(688)585-4236,Poland,Tagchat
341,Dody,Polye,dpolye9g@drupal.org,Female,60(663)796-2813,Malaysia,Yakidoo
342,Currey,Moulsdall,cmoulsdall9h@sciencedirect.com,Male,63(506)898-4388,Philippines,DabZ
343,York,Godsal,ygodsal9i@apache.org,Male,353(106)387-0070,Ireland,Feedfish
344,Fanchette,MacKey,fmackey9j@amazon.co.jp,Female,94(789)171-7374,Sri Lanka,Cogilith
345,Granger,Houndesome,ghoundesome9k@auda.org.au,Male,356(927)905-8913,Malta,Bubblemix
346,Franny,Benninger,fbenninger9l@noaa.gov,Female,595(748)213-6514,Paraguay,Dynava
347,Fonsie,Dumsday,fdumsday9m@github.com,Male,86(436)998-8218,China,JumpXS
348,Evelin,Kolczynski,ekolczynski9n@ow.ly,Non-binary,55(830)247-7892,Brazil,Lajo
349,Maribel,Jonczyk,mjonczyk9o@imageshack.us,Female,62(116)295-6232,Indonesia,DabZ
350,Claribel,Teager,cteager9p@ucsd.edu,Female,54(237)299-8866,Argentina,Skajo
351,Say,Barkas,sbarkas9q@chronoengine.com,Male,62(464)355-5306,Indonesia,Fatz
352,Tracie,Scoyles,tscoyles9r@blogspot.com,Male,57(880)872-4299,Colombia,Vidoo
353,Leslie,Bryson,lbryson9s@bluehost.com,Female,63(317)531-8592,Philippines,Skibox
354,Jecho,Rubenovic,jrubenovic9t@wufoo.com,Male,46(494)101-6057,Sweden,Voonix
355,Clevey,Holcroft,cholcroft9u@mapy.cz,Male,84(180)852-4970,Vietnam,Photolist
356,Jsandye,Dantesia,jdantesia9v@ted.com,Female,86(767)714-4875,China,Avamm
357,Kassey,Romanet,kromanet9w@spotify.com,Female,389(184)698-5591,Macedonia,Agimba
358,Dominic,Deavall,ddeavall9x@jimdo.com,Male,62(314)525-2371,Indonesia,Gabvine
359,Gray,Glowacki,gglowacki9y@omniture.com,Male,62(312)179-0713,Indonesia,Avaveo
360,Jarid,Cranfield,jcranfield9z@wordpress.org,Non-binary,1(217)215-6542,United States,Flipbug
361,Kayle,Casali,kcasalia0@forbes.com,Female,33(664)147-5058,France,Oyondu
362,Riva,Ditchett,rditchetta1@ucoz.ru,Female,86(310)993-6162,China,Realblab
363,Horatia,Caselick,hcaselicka2@aboutads.info,Female,62(941)608-3056,Indonesia,Wordware
364,Kippar,Bunker,kbunkera3@ebay.com,Male,63(469)555-1041,Philippines,Rhynoodle
365,Franky,Adshede,fadshedea4@usda.gov,Male,51(401)547-1460,Peru,Skipstorm
366,Clyve,Calyton,ccalytona5@dyndns.org,Male,7(693)991-1568,Russia,Zoomdog
367,Con,Stonary,cstonarya6@jimdo.com,Female,1(281)278-7770,United States,Skyble
368,Ruddie,O' Hogan,rohogana7@si.edu,Male,86(947)592-4749,China,Mybuzz
369,Bevin,Grimble,bgrimblea8@patch.com,Male,63(106)930-4239,Philippines,Trudoo
370,Olwen,Zylbermann,ozylbermanna9@gravatar.com,Female,58(221)817-3037,Venezuela,Dynazzy
371,Inglis,Chomicki,ichomickiaa@canalblog.com,Male,55(909)672-4111,Brazil,Twitterwire
372,Izaak,Ceney,iceneyab@nytimes.com,Male,86(372)646-6340,China,BlogXS
373,Gretna,Kettoe,gkettoeac@spiegel.de,Female,62(584)830-3342,Indonesia,Podcat
374,Cordell,Carwardine,ccarwardinead@wisc.edu,Non-binary,62(952)986-3131,Indonesia,Tagchat
375,Letty,Beaford,lbeafordae@nifty.com,Female,54(626)507-6328,Argentina,Yabox
376,Hugibert,Melia,hmeliaaf@digg.com,Male,55(378)421-4155,Brazil,Edgeclub
377,Ave,Eustis,aeustisag@free.fr,Male,233(518)176-4874,Ghana,Aibox
378,Terry,McAllaster,tmcallasterah@meetup.com,Bigender,55(514)396-1950,Brazil,Edgepulse
379,Milicent,Janusz,mjanuszai@ebay.com,Non-binary,86(162)256-1967,China,Feedmix
380,Wyatan,Symonds,wsymondsaj@example.com,Male,31(943)952-4076,Netherlands,Browsedrive
381,Farlay,Sawle,fsawleak@google.co.uk,Male,86(894)890-8512,China,Browseblab
382,Carlee,Iori,ciorial@washingtonpost.com,Female,249(612)233-0735,Sudan,Brainsphere
383,Holt,Kinnerk,hkinnerkam@earthlink.net,Male,54(596)478-6429,Argentina,Kazio
384,Joanna,Chappelle,jchappellean@i2i.jp,Female,53(611)922-5739,Cuba,Skaboo
385,Iggie,Laetham,ilaethamao@patch.com,Male,57(230)283-0124,Colombia,Omba
386,Kristoforo,Shillinglaw,kshillinglawap@army.mil,Male,236(547)157-5715,Central African Republic,Yodel
387,Ddene,Ferras,dferrasaq@nationalgeographic.com,Female,63(779)594-0568,Philippines,Reallinks
388,Sue,Avann,savannar@hugedomains.com,Female,236(698)381-6178,Central African Republic,Rhynyx
389,Livy,Hattiff,lhattiffas@t.co,Female,212(237)448-3472,Morocco,Photofeed
390,Brendin,Craigg,bcraiggat@slate.com,Male,593(303)883-0106,Ecuador,Yozio
391,Agna,Astell,aastellau@si.edu,Female,86(931)968-5172,China,Avamm
392,Lilli,Wetton,lwettonav@cisco.com,Female,7(764)931-3418,Russia,Pixope
393,Keary,Pover,kpoveraw@blogspot.com,Male,56(203)467-3245,Chile,BlogXS
394,Breanne,Canacott,bcanacottax@abc.net.au,Female,1(602)545-6743,United States,Rhybox
395,Duffie,Baudry,dbaudryay@printfriendly.com,Male,234(309)476-2432,Nigeria,Rhyzio
396,Cole,Stanyer,cstanyeraz@narod.ru,Male,351(100)656-6785,Portugal,Skynoodle
397,Rolland,Ranner,rrannerb0@desdev.cn,Male,48(786)892-5616,Poland,Oba
398,Addy,Gillooly,agilloolyb1@tinypic.com,Female,86(293)768-1403,China,Edgeify
399,Adrian,Leyes,aleyesb2@deliciousdays.com,Female,358(378)245-9241,Finland,Skyndu
400,Urbanus,Haddington,uhaddingtonb3@skyrock.com,Male,380(713)426-6065,Ukraine,Dabfeed
401,Crissie,Sentinella,csentinellab4@nih.gov,Female,86(556)736-1395,China,Thoughtblab
402,Fonz,Mackley,fmackleyb5@hud.gov,Male,598(486)623-2893,Uruguay,Browsebug
403,Danica,Le Lievre,dlelievreb6@tinyurl.com,Female,54(786)678-4536,Argentina,Einti
404,Blondie,Woodward,bwoodwardb7@google.pl,Female,62(418)208-2621,Indonesia,Quinu
405,Marius,Benedetti,mbenedettib8@icq.com,Male,48(806)305-7527,Poland,Eidel
406,Fidole,Rickerd,frickerdb9@liveinternet.ru,Male,86(774)621-8043,China,Yombu
407,Galen,Bulloch,gbullochba@yelp.com,Male,86(611)659-5103,China,Yakidoo
408,Holly,Bourdis,hbourdisbb@pagesperso-orange.fr,Female,967(123)389-9708,Yemen,Tagchat
409,Kyle,Hurleston,khurlestonbc@over-blog.com,Female,47(341)856-0198,Norway,Trupe
410,Jared,Ormesher,jormesherbd@dell.com,Male,7(372)802-9512,Russia,Browsetype
411,Chandra,Gallardo,cgallardobe@bigcartel.com,Female,33(444)503-1147,France,Zoonder
412,Germaine,Spitell,gspitellbf@google.es,Agender,385(192)455-5451,Croatia,Fiveclub
413,Dev,Huckel,dhuckelbg@yale.edu,Genderqueer,30(477)425-2822,Greece,Browsetype
414,Cassandra,Tidey,ctideybh@google.com,Female,351(350)909-2426,Portugal,Roombo
415,Jed,Vase,jvasebi@google.ca,Male,7(392)369-0608,Russia,Meezzy
416,Leodora,Sitford,lsitfordbj@behance.net,Female,380(835)889-0091,Ukraine,Gigazoom
417,Brittaney,Mauser,bmauserbk@theatlantic.com,Female,55(588)556-9459,Brazil,Yakidoo
418,Nertie,By,nbybl@woothemes.com,Female,86(245)994-9531,China,Meejo
419,Alfred,Lawry,alawrybm@flickr.com,Male,33(165)747-6628,France,Wikibox
420,Oliver,Bazek,obazekbn@elpais.com,Male,62(411)501-7213,Indonesia,Eadel
421,Corabel,Amis,camisbo@unc.edu,Female,46(505)737-0223,Sweden,Oyondu
422,Bengt,Maycock,bmaycockbp@slashdot.org,Male,86(533)615-9425,China,Tagtune
423,Angil,Bastiman,abastimanbq@china.com.cn,Polygender,92(782)958-1089,Pakistan,Tambee
424,Viola,Baroche,vbarochebr@wisc.edu,Female,351(471)647-3009,Portugal,Zooxo
425,Cyrillus,Rapo,crapobs@auda.org.au,Male,261(218)270-4553,Madagascar,Gabcube
426,Leta,Dunican,ldunicanbt@trellian.com,Female,351(568)248-8191,Portugal,Twimm
427,Corey,Rivlin,crivlinbu@symantec.com,Male,86(125)673-0394,China,Avavee
428,Gracia,Minchindon,gminchindonbv@harvard.edu,Female,54(758)829-2852,Argentina,Browsedrive
429,Dorry,Borrott,dborrottbw@cornell.edu,Non-binary,48(850)261-1378,Poland,Realbridge
430,Woodrow,Eisikowitch,weisikowitchbx@symantec.com,Male,86(623)403-5303,China,Jaxworks
431,Derwin,Rapsey,drapseyby@howstuffworks.com,Male,63(496)289-2859,Philippines,Reallinks
432,Matthew,Schultes,mschultesbz@tuttocitta.it,Male,7(563)949-4463,Russia,Babblestorm
433,Chandal,Braunston,cbraunstonc0@utexas.edu,Female,62(108)729-9516,Indonesia,Buzzdog
434,Adolphus,Langran,alangranc1@digg.com,Male,595(237)620-1630,Paraguay,Podcat
435,Rhodia,Dyka,rdykac2@booking.com,Female,7(777)213-2175,Russia,Devpoint
436,Elwin,Gabitis,egabitisc3@redcross.org,Male,86(236)247-4204,China,Eamia
437,Avery,Titlow,atitlowc4@canalblog.com,Genderfluid,297(820)247-8632,Aruba,Agivu
438,Libbie,Leckey,lleckeyc5@cpanel.net,Female,387(224)929-8721,Bosnia and Herzegovina,Quatz
439,Verney,Huddlestone,vhuddlestonec6@edublogs.org,Male,55(894)121-3774,Brazil,Yadel
440,Corliss,Turfitt,cturfittc7@symantec.com,Female,380(740)134-4278,Ukraine,Voonix
441,Crawford,Kinningley,ckinningleyc8@businessweek.com,Male,86(952)514-9368,China,Aivee
442,Vivian,Bracer,vbracerc9@cafepress.com,Female,55(415)808-1176,Brazil,Gabtune
443,Korella,Phillott,kphillottca@aol.com,Female,387(177)710-4537,Bosnia and Herzegovina,Divavu
444,Tristam,Deble,tdeblecb@desdev.cn,Male,98(168)914-4053,Iran,Fliptune
445,Gherardo,Asch,gaschcc@amazon.de,Male,63(188)786-7073,Philippines,Oyoyo
446,Daile,Chislett,dchislettcd@ebay.co.uk,Female,86(402)381-0170,China,Trudeo
447,Gracie,Melmeth,gmelmethce@typepad.com,Female,81(274)823-3262,Japan,Babbleopia
448,Kiley,Ossulton,kossultoncf@yahoo.com,Female,86(441)362-5851,China,Mybuzz
449,Shelli,Cordaroy,scordaroycg@moonfruit.com,Female,234(983)609-2612,Nigeria,Youspan
450,Justin,Lackinton,jlackintonch@hugedomains.com,Male,63(594)649-7543,Philippines,Devpoint
451,Angelique,Hast,ahastci@google.co.uk,Female,63(388)590-2112,Philippines,Blogspan
452,Ephraim,Pinard,epinardcj@dropbox.com,Male,7(433)377-3089,Russia,Centizu
453,Emelina,McConigal,emcconigalck@wp.com,Female,506(951)203-6470,Costa Rica,Topicware
454,Raleigh,Austins,raustinscl@smugmug.com,Male,94(256)913-5445,Sri Lanka,InnoZ
455,Cosette,Macveigh,cmacveighcm@yelp.com,Agender,66(891)276-1873,Thailand,Topiczoom
456,Bamby,Doubrava,bdoubravacn@1688.com,Female,66(711)766-1620,Thailand,Yabox
457,Neysa,De Few,ndefewco@youtube.com,Agender,86(609)732-8736,China,Plambee
458,Magdalene,Kelloway,mkellowaycp@addthis.com,Female,86(894)924-8943,China,Vimbo
459,Edin,McBratney,emcbratneycq@yolasite.com,Bigender,62(673)286-9158,Indonesia,Skinix
460,Tomas,Seabrook,tseabrookcr@bloglines.com,Male,48(485)110-0257,Poland,Dabshots
461,Marsha,Ind,mindcs@bloglovin.com,Female,62(217)769-8379,Indonesia,Oyoba
462,Fanya,Pavlishchev,fpavlishchevct@spotify.com,Female,46(483)619-0955,Sweden,Ntags
463,Annetta,Osinin,aosinincu@harvard.edu,Female,256(143)353-0739,Uganda,Brightbean
464,Adelind,Brende,abrendecv@ucla.edu,Female,358(644)567-3264,Finland,Babbleblab
465,Jens,Rhoades,jrhoadescw@comcast.net,Male,249(560)357-1415,Sudan,Yozio
466,Emlynne,Collihole,ecolliholecx@networkadvertising.org,Female,86(585)308-3581,China,Ooba
467,Tedd,Ivanonko,tivanonkocy@hugedomains.com,Male,375(731)275-4996,Belarus,Livefish
468,Winifield,Weippert,wweippertcz@timesonline.co.uk,Male,62(263)923-7043,Indonesia,Mydeo
469,Edan,Zapata,ezapatad0@hud.gov,Male,216(859)647-0297,Tunisia,Kazu
470,Davin,Elderfield,delderfieldd1@narod.ru,Male,7(198)742-1852,Russia,Jetwire
471,Andy,Scotchforth,ascotchforthd2@imdb.com,Male,62(213)758-3304,Indonesia,Avamba
472,Jillayne,Mabbott,jmabbottd3@mysql.com,Genderqueer,86(347)708-4653,China,Roodel
473,Seana,O'Spellissey,sospellisseyd4@elegantthemes.com,Female,974(769)467-5095,Qatar,Skyba
474,Theodor,Gilleson,tgillesond5@purevolume.com,Genderqueer,86(284)815-2876,China,Aibox
475,Morley,Toft,mtoftd6@census.gov,Male,62(861)341-8791,Indonesia,Blogspan
476,Halsey,Eich,heichd7@e-recht24.de,Male,380(654)259-5510,Ukraine,Gabvine
477,Lane,De Carteret,ldecarteretd8@wunderground.com,Female,81(927)393-5896,Japan,Linklinks
478,Tobe,Norcliffe,tnorcliffed9@tamu.edu,Male,63(890)676-3027,Philippines,Zava
479,Krystyna,Dunlap,kdunlapda@ibm.com,Female,62(705)745-0690,Indonesia,Ailane
480,Gianni,Thickin,gthickindb@goo.gl,Male,7(772)398-8725,Russia,Rhyloo
481,Bobbie,McGrill,bmcgrilldc@com.com,Male,30(723)369-3383,Greece,Mydo
482,Geri,Harwick,gharwickdd@cargocollective.com,Female,86(601)725-3793,China,Mydeo
483,Fair,Kither,fkitherde@miibeian.gov.cn,Male,86(425)909-1694,China,Babbleset
484,Ileane,Silvester,isilvesterdf@mozilla.org,Female,86(670)245-0994,China,Tazzy
485,Arlette,Verlander,averlanderdg@marriott.com,Bigender,502(829)672-2381,Guatemala,Kaymbo
486,Broderick,Fronks,bfronksdh@bluehost.com,Male,351(120)426-0863,Portugal,Izio
487,Lindy,Kopfen,lkopfendi@xrea.com,Female,55(599)267-3991,Brazil,Trupe
488,Noby,Crosland,ncroslanddj@statcounter.com,Male,504(139)203-6743,Honduras,Geba
489,Celle,Brighouse,cbrighousedk@theguardian.com,Female,46(655)742-5401,Sweden,Demimbu
490,Casi,Gutcher,cgutcherdl@blog.com,Female,86(161)999-4711,China,Kayveo
491,Chelsae,Squibe,csquibedm@uiuc.edu,Female,86(575)986-1085,China,Feedbug
492,Jeni,Bingley,jbingleydn@census.gov,Female,7(656)867-4523,Russia,Gigabox
493,Barbara-anne,Powys,bpowysdo@goo.ne.jp,Female,216(168)397-9180,Tunisia,Blogspan
494,Lincoln,Shieber,lshieberdp@businessinsider.com,Male,55(486)841-8062,Brazil,Thoughtbridge
495,Danya,Ivanyushkin,divanyushkindq@unesco.org,Genderqueer,385(825)785-0340,Croatia,Mybuzz
496,Jarrid,Clemenceau,jclemenceaudr@wordpress.com,Male,62(553)934-1663,Indonesia,Buzzshare
497,Helaine,Brecknall,hbrecknallds@multiply.com,Polygender,86(836)455-6693,China,Kwilith
498,Gerhardt,Pendock,gpendockdt@mashable.com,Bigender,54(566)755-6890,Argentina,Fliptune
499,Eirena,Feasby,efeasbydu@walmart.com,Female,62(784)774-1092,Indonesia,Eidel
500,Tim,Jacks,tjacksdv@mashable.com,Female,86(520)683-0195,China,Buzzshare
501,Steffi,Broadhurst,sbroadhurstdw@ucoz.ru,Female,46(346)411-3572,Sweden,Quinu
502,Lionello,Francesch,lfranceschdx@microsoft.com,Male,63(860)381-3975,Philippines,Twitterlist
503,Dew,Moorerud,dmooreruddy@sun.com,Male,86(648)473-2807,China,Yodo
504,Barnard,Barlas,bbarlasdz@examiner.com,Male,967(278)285-5800,Yemen,Devpulse
505,Fan,Braunds,fbraundse0@goodreads.com,Female,33(983)669-7499,France,Cogibox
506,Lynette,Twyning,ltwyninge1@hugedomains.com,Female,267(705)187-3072,Botswana,LiveZ
507,Whit,Westbury,wwestburye2@hp.com,Agender,998(407)170-4577,Uzbekistan,Zoombox
508,Quint,Cruickshank,qcruickshanke3@xrea.com,Male,86(335)918-7502,China,Janyx
509,Delmer,Longhi,dlonghie4@house.gov,Male,370(992)279-7075,Lithuania,Zoomdog
510,Ellynn,Le Floch,elefloche5@bloglovin.com,Female,46(952)460-7442,Sweden,Twitterlist
511,Gayle,Huggon,ghuggone6@livejournal.com,Male,55(368)636-9406,Brazil,Leexo
512,Eberhard,Brinded,ebrindede7@spiegel.de,Male,63(377)906-9268,Philippines,Janyx
513,Benedetta,Bellon,bbellone8@irs.gov,Female,52(902)688-9947,Mexico,Photolist
514,Cale,Aubury,cauburye9@hud.gov,Male,380(593)192-5118,Ukraine,Skibox
515,Ainslee,Habergham,ahaberghamea@howstuffworks.com,Female,86(414)410-6956,China,Topiczoom
516,Layla,Veivers,lveiverseb@mac.com,Female,420(331)660-2051,Czech Republic,Kazu
517,Lucila,Roux,lrouxec@ted.com,Female,7(824)264-9671,Russia,Gabspot
518,Dur,Andreix,dandreixed@ocn.ne.jp,Male,966(309)247-1500,Saudi Arabia,Quinu
519,Jerry,Samudio,jsamudioee@photobucket.com,Genderqueer,39(400)394-2484,Italy,Edgeclub
520,Kristien,Siddell,ksiddellef@seattletimes.com,Female,30(779)119-7695,Greece,Ailane
521,Candi,Naisbit,cnaisbiteg@lycos.com,Female,598(968)210-8470,Uruguay,Ntags
522,Jerrie,Brade,jbradeeh@dropbox.com,Male,55(343)230-8836,Brazil,Skivee
523,Caryl,McCerery,cmccereryei@scribd.com,Male,86(212)775-8760,China,Lajo
524,Pacorro,Claypole,pclaypoleej@comsenz.com,Male,81(139)714-2090,Japan,Trupe
525,Addy,Dampney,adampneyek@behance.net,Male,351(452)210-3298,Portugal,Browsedrive
526,Ezekiel,Rodger,erodgerel@wiley.com,Male,33(301)400-6045,France,Feedmix
527,Aryn,Cabbell,acabbellem@who.int,Non-binary,86(771)345-8424,China,Devbug
528,Brear,Lowdwell,blowdwellen@ucla.edu,Female,975(991)481-3201,Bhutan,Zoovu
529,Lukas,Whetton,lwhettoneo@wix.com,Genderfluid,66(561)198-7528,Thailand,Gabtype
530,Dru,Gant,dgantep@skype.com,Male,1(936)314-8968,Canada,Devshare
531,Catrina,Sibbert,csibberteq@hud.gov,Female,86(293)660-3210,China,Wordify
532,Adria,Bleakley,ableakleyer@ameblo.jp,Female,7(899)859-2198,Russia,Oyoyo
533,Frankie,Blaxeland,fblaxelandes@springer.com,Female,62(426)314-4715,Indonesia,Zoomcast
534,Alberto,de Voiels,adevoielset@google.ru,Male,84(973)781-5511,Vietnam,Flashpoint
535,Bab,Maides,bmaideseu@pcworld.com,Female,51(477)815-7003,Peru,Blogspan
536,Rutger,Falk,rfalkev@blogs.com,Male,46(334)849-1398,Sweden,Omba
537,Austine,Edgin,aedginew@chron.com,Female,66(647)226-0898,Thailand,Ozu
538,Deeanne,Basini-Gazzi,dbasinigazziex@biglobe.ne.jp,Female,1(205)315-4551,United States,Leexo
539,Tamra,Haggar,thaggarey@oakley.com,Female,7(246)366-1751,Russia,Jayo
540,Deck,Pannaman,dpannamanez@mashable.com,Genderqueer,7(791)225-6490,Russia,Fivebridge
541,Raphaela,McMains,rmcmainsf0@pbs.org,Female,54(730)480-6822,Argentina,Twitterwire
542,Tabitha,Covington,tcovingtonf1@skype.com,Female,86(903)561-9885,China,Dabshots
543,Gwenore,Budibent,gbudibentf2@skyrock.com,Female,27(693)723-1488,South Africa,Skibox
544,Liam,Filipowicz,lfilipowiczf3@vk.com,Male,51(615)633-6101,Peru,Abata
545,Sloan,Ragate,sragatef4@merriam-webster.com,Male,62(872)598-9112,Indonesia,Rhynoodle
546,Marlow,Wyse,mwysef5@hatena.ne.jp,Male,62(338)785-1824,Indonesia,Jabbertype
547,Christa,Lawrence,clawrencef6@indiegogo.com,Female,976(660)157-8544,Mongolia,Devify
548,Shirlee,Pfeifer,spfeiferf7@wordpress.org,Female,63(441)968-1348,Philippines,Twinte
549,Brooke,Scrivinor,bscrivinorf8@amazon.de,Male,62(404)220-0711,Indonesia,Yadel
550,Gay,Cockson,gcocksonf9@about.me,Male,86(160)210-6372,China,Twiyo
551,Aloysia,Haacker,ahaackerfa@washington.edu,Female,58(256)719-6549,Venezuela,Topiclounge
552,Vyky,McQuirk,vmcquirkfb@loc.gov,Female,86(397)349-7199,China,Dazzlesphere
553,Kara-lynn,Girodias,kgirodiasfc@wp.com,Genderfluid,81(411)461-2683,Japan,Roombo
554,Jojo,Horrigan,jhorriganfd@meetup.com,Female,48(254)667-6953,Poland,Quamba
555,Dallas,Wimbridge,dwimbridgefe@joomla.org,Male,66(464)604-1496,Thailand,Youbridge
556,Kimmie,Schultheiss,kschultheissff@statcounter.com,Female,55(976)312-9391,Brazil,Podcat
557,Vania,Groven,vgrovenfg@theatlantic.com,Female,62(657)214-7801,Indonesia,Feedspan
558,Elysia,Maliphant,emaliphantfh@baidu.com,Genderfluid,86(136)649-5901,China,Meemm
559,Lindon,Eynon,leynonfi@sitemeter.com,Male,237(667)125-7647,Cameroon,Innojam
560,Berti,Barme,bbarmefj@squidoo.com,Female,86(116)651-1459,China,Kamba
561,Creighton,Cunah,ccunahfk@mapy.cz,Male,62(947)143-6125,Indonesia,Twitternation
562,Claire,Tee,cteefl@hugedomains.com,Male,1(897)908-6361,Canada,Jetwire
563,Prentice,Brende,pbrendefm@example.com,Male,7(806)160-8480,Russia,Realcube
564,Kellen,Courtier,kcourtierfn@xinhuanet.com,Female,86(406)392-7576,China,Edgetag
565,Layton,Coneron,lconeronfo@vistaprint.com,Male,92(272)960-8385,Pakistan,Livetube
566,Hyatt,Brun,hbrunfp@va.gov,Male,420(662)813-1556,Czech Republic,Youopia
567,Hogan,Chant,hchantfq@pagesperso-orange.fr,Male,963(887)793-9617,Syria,Yozio
568,Mike,Claiton,mclaitonfr@house.gov,Male,44(481)432-5499,United Kingdom,Eimbee
569,Hallie,Sibbald,hsibbaldfs@nbcnews.com,Female,55(419)656-6163,Brazil,Mydo
570,Towney,Coulsen,tcoulsenft@dailymotion.com,Male,48(135)254-5065,Poland,Skimia
571,Riordan,Bebb,rbebbfu@foxnews.com,Male,62(714)620-2486,Indonesia,Camido
572,Pavlov,Moen,pmoenfv@wisc.edu,Male,52(462)639-6542,Mexico,Vipe
573,Germayne,Fawthrop,gfawthropfw@liveinternet.ru,Male,84(497)630-4079,Vietnam,Blogpad
574,Leupold,Knapman,lknapmanfx@jugem.jp,Male,7(258)904-7893,Russia,Meeveo
575,Pattie,Himpson,phimpsonfy@loc.gov,Male,7(553)346-0404,Russia,Buzzbean
576,Job,Polleye,jpolleyefz@github.com,Male,86(474)721-5747,China,Browsecat
577,Lonnard,Rapi,lrapig0@ihg.com,Male,55(870)782-7966,Brazil,Jabbersphere
578,Clarance,Tinmouth,ctinmouthg1@edublogs.org,Male,86(830)889-5233,China,Roombo
579,Whit,Eton,wetong2@wikimedia.org,Male,86(559)644-9037,China,Mudo
580,Emeline,Hargraves,ehargravesg3@behance.net,Female,48(196)847-8316,Poland,Kare
581,Jedediah,Haley,jhaleyg4@ebay.com,Male,385(717)210-5363,Croatia,Edgepulse
582,Hermie,Trent,htrentg5@microsoft.com,Male,33(252)308-2397,France,Agivu
583,Nerte,Matantsev,nmatantsevg6@reference.com,Female,86(223)393-2768,China,Skajo
584,Leeanne,Hattam,lhattamg7@theatlantic.com,Female,263(530)723-7118,Zimbabwe,Twiyo
585,Andriana,Dray,adrayg8@hibu.com,Non-binary,62(696)605-2986,Indonesia,Tagchat
586,Gardy,Hooks,ghooksg9@hugedomains.com,Male,33(241)159-4034,France,Jabberstorm
587,Jamison,Gillbard,jgillbardga@shutterfly.com,Male,33(860)901-3319,France,Vitz
588,Rebeca,McHardy,rmchardygb@vistaprint.com,Female,33(533)654-4967,France,Voonix
589,Norma,McLaughlan,nmclaughlangc@photobucket.com,Female,86(822)859-5406,China,Zooveo
590,Orrin,Gyford,ogyfordgd@nih.gov,Agender,86(186)249-4679,China,Livetube
591,Tim,Rothermel,trothermelge@slate.com,Male,1(285)933-3932,Canada,Wikido
592,Sabrina,Hupe,shupegf@php.net,Genderqueer,55(104)773-8394,Brazil,Livepath
593,Coleman,Breinlein,cbreinleingg@imageshack.us,Male,351(540)729-1522,Portugal,Shuffledrive
594,Corby,Staveley,cstaveleygh@xinhuanet.com,Bigender,962(353)469-3653,Jordan,Plambee
595,Aristotle,Moggan,amoggangi@illinois.edu,Male,55(801)954-2041,Brazil,Bubblemix
596,Andreas,Pinckstone,apinckstonegj@google.nl,Male,235(560)111-6990,Chad,Rhynoodle
597,Waylen,Tasch,wtaschgk@hostgator.com,Male,7(593)627-1176,Russia,Devshare
598,Mercie,Billyard,mbillyardgl@wikipedia.org,Female,62(175)431-0119,Indonesia,Muxo
599,Bing,Ragless,braglessgm@ning.com,Male,351(399)406-4836,Portugal,Voomm
600,Meade,McPhillimey,mmcphillimeygn@photobucket.com,Agender,86(993)715-0484,China,Voonder
601,Anna-maria,Decker,adeckergo@mit.edu,Female,86(362)783-2505,China,Zoonder
602,Goober,Belly,gbellygp@craigslist.org,Male,976(231)435-4516,Mongolia,Yambee
603,Blake,Tonge,btongegq@google.it,Female,86(742)479-4487,China,Jabbersphere
604,Walt,Maudling,wmaudlinggr@mayoclinic.com,Male,267(757)340-8857,Botswana,Avaveo
605,Elmore,Playden,eplaydengs@jalbum.net,Polygender,86(454)872-8219,China,Browsezoom
606,Ossie,Ludford,oludfordgt@1und1.de,Non-binary,7(742)959-8241,Russia,Gabspot
607,Celestyna,Tregunnah,ctregunnahgu@biblegateway.com,Female,33(849)338-5875,France,Trupe
608,Alida,Relton,areltongv@bluehost.com,Female,62(509)793-2849,Indonesia,Kwinu
609,Ericha,McPhillimey,emcphillimeygw@ucoz.ru,Female,358(481)923-1019,Finland,Babbleset
610,Neall,Mockes,nmockesgx@hubpages.com,Male,86(492)321-8187,China,Mita
611,Norine,Jouandet,njouandetgy@bloomberg.com,Female,47(191)357-6851,Norway,Gigazoom
612,Jean,Zarfati,jzarfatigz@bizjournals.com,Male,33(598)889-3520,France,Twinte
613,Vincenz,Ledbetter,vledbetterh0@businesswire.com,Male,86(210)916-9610,China,Agivu
614,Lurlene,Costa,lcostah1@123-reg.co.uk,Female,54(541)291-3274,Argentina,Rhycero
615,Early,Braybrook,ebraybrookh2@about.me,Male,61(731)136-0568,Australia,Thoughtsphere
616,Estel,Newiss,enewissh3@weather.com,Female,86(564)855-6944,China,Yata
617,Beckie,Ludlow,bludlowh4@un.org,Female,1(402)642-8751,United States,Demimbu
618,Ezmeralda,Zaczek,ezaczekh5@alibaba.com,Female,970(166)798-6540,Palestinian Territory,Katz
619,Lucita,Hixson,lhixsonh6@china.com.cn,Female,86(144)393-1168,China,Geba
620,Jard,Feehery,jfeeheryh7@admin.ch,Male,86(947)903-8266,China,Livetube
621,Hermione,Tregien,htregienh8@163.com,Genderfluid,62(810)492-2519,Indonesia,Bubblemix
622,Michelle,MacDaid,mmacdaidh9@indiatimes.com,Non-binary,62(792)793-3095,Indonesia,Aivee
623,Roslyn,Selby,rselbyha@gmpg.org,Female,228(247)958-2454,Togo,Skyndu
624,Mariquilla,Ledrane,mledranehb@jalbum.net,Female,1(656)249-4309,Canada,Mita
625,Wit,Nunes Nabarro,wnunesnabarrohc@bbb.org,Male,62(602)418-7936,Indonesia,Yakidoo
626,Gwendolyn,MacGillicuddy,gmacgillicuddyhd@fotki.com,Female,234(751)871-0216,Nigeria,Twiyo
627,Noni,de Aguirre,ndeaguirrehe@nba.com,Female,86(923)689-9201,China,Yakidoo
628,Darrel,Eddington,deddingtonhf@google.com.br,Male,66(126)620-6321,Thailand,Dazzlesphere
629,Ailey,Greenshiels,agreenshielshg@sciencedaily.com,Female,420(117)922-6573,Czech Republic,Kwideo
630,Phylis,Ragles,pragleshh@hud.gov,Genderqueer,62(674)934-9994,Indonesia,Miboo
631,Emeline,Wringe,ewringehi@taobao.com,Female,81(127)758-0914,Japan,Izio
632,Monte,Olliff,molliffhj@illinois.edu,Male,502(556)131-5511,Guatemala,Meevee
633,Luciano,Klasing,lklasinghk@list-manage.com,Male,33(338)807-5437,France,Fatz
634,Mirabelle,Bazeley,mbazeleyhl@princeton.edu,Female,86(525)511-4382,China,Bubblemix
635,Dani,Challener,dchallenerhm@noaa.gov,Male,86(239)664-1416,China,Fadeo
636,Avigdor,Sweetlove,asweetlovehn@weather.com,Male,420(127)859-5503,Czech Republic,Youspan
637,Doris,Hoggin,dhogginho@symantec.com,Female,351(233)288-1647,Portugal,Einti
638,Ancell,Adrianello,aadrianellohp@va.gov,Male,86(126)836-1130,China,Jabbersphere
639,Patrizio,Gascar,pgascarhq@amazonaws.com,Male,86(778)390-2758,China,Aimbu
640,Tresa,Cappel,tcappelhr@mtv.com,Female,380(433)701-7443,Ukraine,Cogilith
641,Gradey,Eldrid,geldridhs@amazonaws.com,Male,47(841)872-1151,Norway,Mita
642,Crissie,Fiddyment,cfiddymentht@shareasale.com,Female,506(648)484-6367,Costa Rica,Oyope
643,Winslow,Kennifeck,wkennifeckhu@dion.ne.jp,Male,7(721)216-2245,Russia,Voonix
644,Alejandra,Gaffon,agaffonhv@goodreads.com,Female,86(586)406-7629,China,Buzzster
645,Mauricio,Barnhart,mbarnharthw@artisteer.com,Male,62(696)286-1899,Indonesia,Gigaclub
646,Pammie,Mower,pmowerhx@yale.edu,Female,506(616)174-6448,Costa Rica,Voolia
647,Gunther,Waud,gwaudhy@1und1.de,Male,46(463)424-2149,Sweden,Skajo
648,Kanya,Brinicombe,kbrinicombehz@si.edu,Female,36(749)755-9612,Hungary,Riffpedia
649,Hinze,Stanwix,hstanwixi0@businessweek.com,Male,48(162)215-3024,Poland,Kimia
650,Collette,Kenright,ckenrighti1@walmart.com,Female,86(290)415-3980,China,Yoveo
651,Gwenore,Foyster,gfoysteri2@techcrunch.com,Female,86(151)421-0919,China,Quatz
652,Cedric,Boleyn,cboleyni3@oracle.com,Male,351(292)589-1242,Portugal,Skipstorm
653,Leigh,Robak,lrobaki4@surveymonkey.com,Agender,351(471)787-6932,Portugal,Dabjam
654,Aylmer,Callendar,acallendari5@xrea.com,Male,86(486)632-3866,China,Eadel
655,Layla,Kubasek,lkubaseki6@admin.ch,Female,86(201)150-6952,China,Ainyx
656,Ari,Trew,atrewi7@shop-pro.jp,Male,234(293)563-1783,Nigeria,Janyx
657,Olvan,Grantham,ogranthami8@netscape.com,Male,98(693)644-4579,Iran,Photofeed
658,Son,Melesk,smeleski9@indiatimes.com,Male,237(797)147-2688,Cameroon,Nlounge
659,Micky,MacKessock,mmackessockia@bandcamp.com,Female,976(771)320-7730,Mongolia,Roodel
660,Eleanora,Cabena,ecabenaib@ehow.com,Female,33(955)297-5007,France,Gabtype
661,Buddy,Conklin,bconklinic@163.com,Male,353(102)438-9936,Ireland,Thoughtsphere
662,Hillyer,Isakov,hisakovid@flavors.me,Male,86(688)601-3832,China,Twitterbridge
663,Elsbeth,Royce,eroyceie@addthis.com,Female,58(391)391-5174,Venezuela,Vitz
664,Gerome,Pennells,gpennellsif@businessinsider.com,Male,82(846)368-6319,South Korea,Mymm
665,Kylie,Grassick,kgrassickig@wp.com,Female,55(654)626-8876,Brazil,Aimbu
666,Brigit,Hynam,bhynamih@taobao.com,Female,63(931)893-4618,Philippines,Avamba
667,Berky,Eytel,beytelii@tmall.com,Male,58(419)746-6160,Venezuela,Skyndu
668,Arnie,Cromblehome,acromblehomeij@cbc.ca,Male,62(377)966-2426,Indonesia,Kamba
669,Isak,Kibbye,ikibbyeik@npr.org,Male,998(804)772-0807,Uzbekistan,Yambee
670,Justinian,Schoales,jschoalesil@barnesandnoble.com,Male,7(620)908-7503,Russia,Skivee
671,Jeannette,Khoter,jkhoterim@toplist.cz,Female,48(945)511-1477,Poland,InnoZ
672,Ebony,Padefield,epadefieldin@wordpress.com,Female,55(399)493-1570,Brazil,Quire
673,Binni,Casper,bcasperio@vinaora.com,Bigender,380(627)377-9515,Ukraine,Voonyx
674,Nyssa,Kilminster,nkilminsterip@google.it,Female,36(457)860-2510,Hungary,Vidoo
675,Ernestine,Ripping,erippingiq@a8.net,Female,81(402)988-4441,Japan,Shuffletag
676,Gene,Cornelleau,gcornelleauir@jigsy.com,Male,504(293)342-1579,Honduras,Buzzdog
677,Lulu,Rings,lringsis@sakura.ne.jp,Female,53(458)985-7561,Cuba,Thoughtbridge
678,Linoel,Gallichan,lgallichanit@youtu.be,Male,54(508)748-7548,Argentina,Dynabox
679,Sib,O' Loughran,soloughraniu@jigsy.com,Female,82(194)963-8420,South Korea,Skinder
680,Leon,O'Loughnan,loloughnaniv@bigcartel.com,Male,380(222)850-8488,Ukraine,Flashdog
681,Rodina,Croix,rcroixiw@washingtonpost.com,Female,977(783)170-4905,Nepal,Vipe
682,West,Claypole,wclaypoleix@prlog.org,Male,7(964)385-0642,Russia,Viva
683,Reilly,Leftly,rleftlyiy@ocn.ne.jp,Male,27(718)333-1207,South Africa,Eire
684,Jayne,Boggs,jboggsiz@irs.gov,Female,232(266)480-5863,Sierra Leone,Flipopia
685,Kimball,MacArd,kmacardj0@last.fm,Male,33(125)472-6370,France,Jazzy
686,Leandra,Kimberley,lkimberleyj1@si.edu,Female,51(864)832-4996,Peru,Yodoo
687,Kerri,Kerner,kkernerj2@tmall.com,Female,351(895)616-4225,Portugal,Brainverse
688,Jermain,Chessill,jchessillj3@google.ru,Male,33(401)294-2534,France,Gigazoom
689,Cy,McElvine,cmcelvinej4@wiley.com,Male,92(863)554-4578,Pakistan,Edgeify
690,Tarrance,Lyard,tlyardj5@nature.com,Male,33(574)295-1130,France,Agimba
691,Ann-marie,Langshaw,alangshawj6@reddit.com,Female,86(231)114-6676,China,Feedfish
692,Markus,Ganter,mganterj7@privacy.gov.au,Polygender,41(996)991-1743,Switzerland,Jaxworks
693,Rowland,Houseman,rhousemanj8@addthis.com,Male,7(512)407-5156,Russia,Eayo
694,Georgetta,Mowsley,gmowsleyj9@independent.co.uk,Female,374(564)301-4704,Armenia,Skyble
695,Orton,Goodwyn,ogoodwynja@digg.com,Male,63(755)569-4465,Philippines,Flashspan
696,Egan,Midgely,emidgelyjb@ihg.com,Male,30(702)138-7486,Greece,Wikibox
697,Geoffrey,Rubinowitch,grubinowitchjc@army.mil,Male,420(917)370-9178,Czech Republic,Meembee
698,Keir,Devany,kdevanyjd@whitehouse.gov,Male,86(150)305-7287,China,Jaxnation
699,Maryanna,Jaqueme,mjaquemeje@tuttocitta.it,Female,86(532)116-5803,China,Kayveo
700,Eolande,Toffetto,etoffettojf@cnn.com,Female,252(816)755-0569,Somalia,Riffpath
701,Zeke,Furneaux,zfurneauxjg@51.la,Male,33(336)484-3941,France,Cogibox
702,Cherilyn,Nutkin,cnutkinjh@friendfeed.com,Female,62(262)988-2426,Indonesia,Thoughtbridge
703,Jedd,Torrejon,jtorrejonji@bing.com,Male,51(265)114-4121,Peru,Skyndu
704,Callean,McCrae,cmccraejj@tumblr.com,Genderfluid,62(763)812-3599,Indonesia,Rhycero
705,Gawen,Moodie,gmoodiejk@go.com,Male,48(713)527-5577,Poland,Browsecat
706,Maribelle,Barthod,mbarthodjl@utexas.edu,Female,593(629)959-8816,Ecuador,Meedoo
707,Barbee,Sidney,bsidneyjm@timesonline.co.uk,Female,48(364)446-5730,Poland,Riffpedia
708,Rafe,Tredgold,rtredgoldjn@godaddy.com,Male,86(820)394-5656,China,Yakitri
709,Alisander,Gatlin,agatlinjo@blogs.com,Male,380(264)331-0935,Ukraine,Dynava
710,Fancie,Bilyard,fbilyardjp@topsy.com,Female,57(759)194-3623,Colombia,Blognation
711,Arlyn,Frascone,afrasconejq@narod.ru,Female,62(386)192-8539,Indonesia,Kanoodle
712,Christie,Statter,cstatterjr@hibu.com,Male,46(881)816-2457,Sweden,Chatterpoint
713,Elvyn,Van Velde,evanveldejs@theguardian.com,Male,358(859)748-9173,Finland,Blogspan
714,Brigitte,Quodling,bquodlingjt@go.com,Female,86(447)836-3671,China,Eire
715,Trixie,Slack,tslackju@ifeng.com,Female,420(128)565-2459,Czech Republic,Shuffledrive
716,Vi,Agett,vagettjv@merriam-webster.com,Female,54(855)925-0825,Argentina,Tanoodle
717,Bank,Burel,bbureljw@google.com.br,Male,82(737)630-0776,South Korea,Thoughtstorm
718,Monti,Seif,mseifjx@multiply.com,Male,7(653)419-8377,Russia,Skimia
719,Audry,O'Henehan,aohenehanjy@who.int,Female,86(962)678-3980,China,Tanoodle
720,Ugo,Krollman,ukrollmanjz@cdc.gov,Male,591(424)377-8952,Bolivia,Yozio
721,Suzie,Viste,svistek0@dropbox.com,Polygender,218(295)803-5051,Libya,Brainverse
722,Andie,Dauber,adauberk1@disqus.com,Male,86(181)204-0924,China,Realcube
723,Verile,Zieme,vziemek2@shutterfly.com,Female,976(614)549-6927,Mongolia,Jabbercube
724,Guenevere,Lush,glushk3@pinterest.com,Female,352(313)529-1305,Luxembourg,JumpXS
725,Ferrell,Jenman,fjenmank4@abc.net.au,Non-binary,48(353)679-7321,Poland,Quatz
726,Micheil,Buttrick,mbuttrickk5@cargocollective.com,Male,33(585)517-2971,France,Edgewire
727,Dayna,Aimer,daimerk6@upenn.edu,Female,370(208)692-8698,Lithuania,Ailane
728,Sinclare,Garrish,sgarrishk7@oaic.gov.au,Male,976(925)747-6683,Mongolia,Mynte
729,Sansone,Kenwood,skenwoodk8@about.com,Male,31(515)420-9375,Netherlands,Browsecat
730,Micheline,Cretney,mcretneyk9@qq.com,Female,57(638)406-0349,Colombia,Wikibox
731,Alex,Seedhouse,aseedhouseka@ftc.gov,Female,234(711)631-7408,Nigeria,Dabjam
732,Lena,Nettleship,lnettleshipkb@lulu.com,Female,63(467)752-9570,Philippines,Wordtune
733,Vic,Treadgall,vtreadgallkc@mozilla.org,Male,48(860)173-8033,Poland,Wikizz
734,Delora,Ledwidge,dledwidgekd@boston.com,Female,81(290)299-3928,Japan,Voolia
735,Farley,Kirtlan,fkirtlanke@admin.ch,Male,81(583)744-3661,Japan,Twitterbeat
736,Leila,Ohanessian,lohanessiankf@techcrunch.com,Female,63(411)687-4905,Philippines,Photobean
737,Roger,Clemendot,rclemendotkg@opensource.org,Male,27(447)735-3044,South Africa,Blogtag
738,Tammi,Aulsford,taulsfordkh@fda.gov,Female,46(570)340-3754,Sweden,Riffwire
739,Jacobo,Snead,jsneadki@elpais.com,Male,86(534)868-2367,China,Ailane
740,Quinn,Santostefano.,qsantostefanokj@github.io,Male,44(599)426-5357,United Kingdom,Fatz
741,Venita,Foakes,vfoakeskk@gnu.org,Genderqueer,375(818)737-6384,Belarus,Skyble
742,Sybil,Ferraretto,sferrarettokl@ehow.com,Female,63(684)865-1078,Philippines,Thoughtblab
743,Johnathan,Capineer,jcapineerkm@apple.com,Male,1(541)562-8034,Canada,Skidoo
744,Koenraad,Stenner,kstennerkn@godaddy.com,Male,63(216)294-5608,Philippines,Meembee
745,Sande,McNeilly,smcneillyko@ameblo.jp,Female,86(309)597-6447,China,Meejo
746,Durant,Blackley,dblackleykp@google.nl,Male,86(734)379-3726,China,Innotype
747,Cyndy,Morales,cmoraleskq@usa.gov,Female,62(917)255-6362,Indonesia,Quimba
748,Barb,Nicholson,bnicholsonkr@i2i.jp,Female,58(399)785-6172,Venezuela,Jabberbean
749,Antonina,Chase,achaseks@arizona.edu,Genderqueer,7(892)653-4974,Russia,Wordify
750,Karlene,Langtry,klangtrykt@w3.org,Female,63(980)667-0029,Philippines,Twinder
751,Mady,Huot,mhuotku@mapquest.com,Female,53(987)915-5997,Cuba,Photobug
752,Yettie,Dockwra,ydockwrakv@economist.com,Female,62(286)909-1045,Indonesia,Mynte
753,Francois,Ortega,fortegakw@blogger.com,Male,92(425)433-8033,Pakistan,Dynava
754,Nicholle,Jefferson,njeffersonkx@accuweather.com,Female,62(741)641-2946,Indonesia,Zoonder
755,Llywellyn,Ganders,lgandersky@bloglovin.com,Male,48(270)946-0990,Poland,Devbug
756,Bradford,Keer,bkeerkz@mlb.com,Male,57(733)525-0584,Colombia,Browsedrive
757,Wayland,Carek,wcarekl0@homestead.com,Male,84(749)778-4424,Vietnam,Zooveo
758,Steffie,Claiton,sclaitonl1@t.co,Female,1(318)702-8387,United States,Wordify
759,Seamus,Pedican,spedicanl2@qq.com,Male,1(314)302-1210,United States,Skibox
760,Land,Pywell,lpywelll3@samsung.com,Polygender,1(453)183-1254,Antigua and Barbuda,Edgewire
761,Boot,Hasely,bhaselyl4@state.tx.us,Male,1(804)764-6754,United States,Omba
762,Mehetabel,Callaway,mcallawayl5@nyu.edu,Female,1(893)875-5345,Jamaica,Meevee
763,Thorpe,Wharf,twharfl6@creativecommons.org,Male,27(642)105-2194,South Africa,Muxo
764,Osborne,Ceschini,oceschinil7@1und1.de,Male,386(104)617-2436,Slovenia,Edgeify
765,Powell,Winterburn,pwinterburnl8@cornell.edu,Male,351(303)473-2113,Portugal,Topdrive
766,Meryl,Lafrentz,mlafrentzl9@quantcast.com,Female,63(717)419-2567,Philippines,Gabcube
767,Menard,Chamberlen,mchamberlenla@domainmarket.com,Male,55(272)205-8612,Brazil,Edgetag
768,Barbra,Luciani,blucianilb@tripadvisor.com,Female,381(230)742-3291,Serbia,Thoughtstorm
769,Brenda,Pyrah,bpyrahlc@opera.com,Female,86(762)921-3245,China,Shuffledrive
770,Lezlie,Harvett,lharvettld@reverbnation.com,Female,86(476)522-4818,China,Dablist
771,Sascha,Pirrie,spirriele@usda.gov,Female,63(242)347-1542,Philippines,Yata
772,Larry,Grove,lgrovelf@quantcast.com,Male,7(377)738-4288,Russia,Zoomcast
773,Doroteya,Crippes,dcrippeslg@posterous.com,Female,51(490)249-9916,Peru,Jabbersphere
774,Simmonds,Derington,sderingtonlh@ed.gov,Male,255(493)569-3262,Tanzania,Eazzy
775,Conrade,Shird,cshirdli@ed.gov,Male,34(941)582-5977,Spain,Voonder
776,Gib,Wordington,gwordingtonlj@domainmarket.com,Male,7(605)925-2668,Russia,Realbuzz
777,Peadar,Byard,pbyardlk@reuters.com,Male,420(308)755-8769,Czech Republic,Thoughtmix
778,Arabele,Winspar,awinsparll@icq.com,Female,371(743)918-6915,Latvia,Voolith
779,Illa,Titterington,ititteringtonlm@printfriendly.com,Female,86(333)170-4481,China,Flashset
780,Stephanus,Arrow,sarrowln@scientificamerican.com,Male,62(159)707-4755,Indonesia,Riffpedia
781,Alyss,Dimelow,adimelowlo@usda.gov,Female,86(368)662-6425,China,Divape
782,Gayle,Hegdonne,ghegdonnelp@jimdo.com,Male,1(419)239-7806,United States,Skyvu
783,Frank,Seabert,fseabertlq@unc.edu,Male,98(524)272-8773,Iran,Divape
784,Leeann,Silcox,lsilcoxlr@go.com,Female,234(257)366-4674,Nigeria,Lazzy
785,Glad,Roubert,groubertls@linkedin.com,Female,48(875)995-0309,Poland,Voonyx
786,Kinny,Zanotti,kzanottilt@jiathis.com,Male,55(700)205-1280,Brazil,Dablist
787,Averil,Knotton,aknottonlu@mashable.com,Female,57(288)705-3825,Colombia,Feedmix
788,Emiline,Edgin,eedginlv@apache.org,Female,60(946)131-3581,Malaysia,Thoughtmix
789,Lynnea,Jeschner,ljeschnerlw@shinystat.com,Female,55(552)752-9098,Brazil,Bubblebox
790,Pete,McGee,pmcgeelx@eventbrite.com,Non-binary,374(899)824-6236,Armenia,Zoonder
791,Clim,Pates,cpatesly@360.cn,Male,46(726)554-1534,Sweden,Snaptags
792,Thomasina,Hedde,theddelz@nsw.gov.au,Agender,86(234)679-8745,China,Yamia
793,Thurstan,Brockett,tbrockettm0@cisco.com,Male,62(935)356-0862,Indonesia,Jabbertype
794,Griffin,Fullicks,gfullicksm1@networksolutions.com,Male,86(608)212-5487,China,Photobug
795,Dennison,Flemyng,dflemyngm2@elpais.com,Male,1(451)992-7232,Canada,Linklinks
796,Kristoforo,Drayn,kdraynm3@flickr.com,Male,31(411)515-4705,Netherlands,Brightbean
797,Meade,Mangon,mmangonm4@free.fr,Male,62(698)142-3803,Indonesia,Gabtype
798,Jacky,Curryer,jcurryerm5@furl.net,Male,86(117)555-8880,China,Podcat
799,Dexter,Finnimore,dfinnimorem6@shinystat.com,Male,86(462)789-3842,China,Dabfeed
800,Therine,Bonass,tbonassm7@unc.edu,Female,1(526)360-8299,Canada,Oyoloo
801,Eddi,Semmence,esemmencem8@hatena.ne.jp,Female,63(763)847-8544,Philippines,Photolist
802,Eugenius,Driscoll,edriscollm9@yelp.com,Male,86(143)310-3983,China,Mita
803,Ferd,Di Ruggiero,fdiruggieroma@ft.com,Non-binary,86(421)592-9212,China,Feedmix
804,Meir,McPeeters,mmcpeetersmb@twitpic.com,Polygender,62(123)496-2401,Indonesia,Tagpad
805,Vick,Ivimey,vivimeymc@yelp.com,Male,63(374)842-2543,Philippines,Katz
806,Ellis,Bowfin,ebowfinmd@who.int,Male,63(823)318-0384,Philippines,Thoughtstorm
807,Camellia,Carlos,ccarlosme@adobe.com,Female,92(242)943-2922,Pakistan,Thoughtblab
808,Larisa,Kirkbright,lkirkbrightmf@topsy.com,Female,351(496)849-4327,Portugal,Dynava
809,Jessy,McMorran,jmcmorranmg@seattletimes.com,Female,380(971)346-9344,Ukraine,Flipopia
810,Gayleen,Novill,gnovillmh@tripod.com,Female,351(575)272-0520,Portugal,Topiczoom
811,Janelle,Bang,jbangmi@ameblo.jp,Female,86(330)153-9363,China,Gigaclub
812,Cookie,Snibson,csnibsonmj@amazon.co.jp,Female,66(893)412-7492,Thailand,Edgetag
813,Thurstan,Tulloch,ttullochmk@oracle.com,Male,62(217)308-7062,Indonesia,Gabtune
814,Rubin,Pierucci,rpierucciml@weibo.com,Male,86(670)140-1974,China,Eabox
815,Fred,Oda,fodamm@boston.com,Male,63(163)418-0907,Philippines,Cogidoo
816,Whitby,Bernardotte,wbernardottemn@woothemes.com,Male,33(696)170-6486,France,Npath
817,Brittni,Mateu,bmateumo@shutterfly.com,Female,58(287)299-5160,Venezuela,Browsetype
818,Iggy,Le Barr,ilebarrmp@gnu.org,Male,86(741)597-4602,China,Photobug
819,Christoffer,Jirzik,cjirzikmq@friendfeed.com,Male,92(539)453-4047,Pakistan,Realmix
820,Wenonah,Beggini,wbegginimr@pbs.org,Female,86(399)701-1895,China,Youspan
821,Arlie,Coultish,acoultishms@opera.com,Female,682(492)381-5783,Cook Islands,Twitternation
822,Lennard,Kirkhouse,lkirkhousemt@com.com,Male,84(468)370-4083,Vietnam,Plambee
823,Gaynor,Cathrall,gcathrallmu@reference.com,Female,86(676)200-2300,China,Oyondu
824,Maurizio,Emons,memonsmv@unicef.org,Male,86(282)388-1303,China,Skidoo
825,Duky,Tudgay,dtudgaymw@paypal.com,Male,63(631)543-0269,Philippines,Photobug
826,Elset,Jopling,ejoplingmx@wikipedia.org,Female,62(620)976-0923,Indonesia,Voonte
827,Susi,Silly,ssillymy@facebook.com,Female,86(905)436-3794,China,Tagcat
828,Kassi,Kapelhof,kkapelhofmz@homestead.com,Female,62(278)669-5304,Indonesia,Vitz
829,Bourke,Mell,bmelln0@dailymotion.com,Male,47(422)848-5971,Norway,Feedspan
830,Normie,Le Grys,nlegrysn1@go.com,Male,30(338)848-0159,Greece,Edgeblab
831,Katya,Tramel,ktrameln2@slideshare.net,Female,421(104)924-5542,Slovakia,Kanoodle
832,Lonny,Hollibone,lhollibonen3@narod.ru,Male,63(596)845-3815,Philippines,Yoveo
833,Nissy,Blaschek,nblaschekn4@usa.gov,Female,86(447)795-3733,China,Quinu
834,Bartolemo,Abbot,babbotn5@xinhuanet.com,Male,63(940)694-4422,Philippines,Kazio
835,Herby,Duddin,hduddinn6@prlog.org,Male,63(517)664-7140,Philippines,Eimbee
836,Kevan,Cardis,kcardisn7@wordpress.com,Male,380(748)507-0195,Ukraine,Oyope
837,Beniamino,Josling,bjoslingn8@smugmug.com,Male,1(229)583-5043,United States,Trunyx
838,Evonne,MacAnelley,emacanelleyn9@jimdo.com,Female,31(494)700-2297,Netherlands,Jaxnation
839,Rosie,Risdall,rrisdallna@paginegialle.it,Female,389(327)816-0680,Macedonia,Photojam
840,Bradford,Wardroper,bwardropernb@dyndns.org,Male,62(823)409-6158,Indonesia,Skimia
841,Alicea,Heinritz,aheinritznc@privacy.gov.au,Female,66(759)162-7792,Thailand,Kanoodle
842,Cindy,Aizkovitch,caizkovitchnd@skyrock.com,Agender,86(876)861-4349,China,Quaxo
843,Osbert,Narup,onarupne@studiopress.com,Male,234(209)252-4118,Nigeria,Latz
844,Clarinda,Bedson,cbedsonnf@mysql.com,Female,57(987)190-8681,Colombia,Midel
845,Kale,Dehn,kdehnng@netscape.com,Male,683(216)982-7959,Niue,Dynabox
846,Bartholomeus,Valentim,bvalentimnh@theguardian.com,Male,30(944)821-0428,Greece,Gigazoom
847,Cinda,Camilio,ccamilioni@nytimes.com,Female,1(310)469-8868,United States,Livefish
848,Romonda,Douty,rdoutynj@google.es,Female,7(207)966-1839,Russia,Tavu
849,Lelah,Sutor,lsutornk@ftc.gov,Female,591(824)813-4819,Bolivia,Zoomzone
850,Caitrin,Wing,cwingnl@addthis.com,Female,974(587)135-4442,Qatar,Plajo
851,Katee,McQuade,kmcquadenm@dagondesign.com,Female,86(231)965-1049,China,Rhynoodle
852,Korie,Melluish,kmelluishnn@mashable.com,Female,7(337)410-8893,Russia,Digitube
853,Duke,Brotheridge,dbrotheridgeno@studiopress.com,Male,420(854)842-1445,Czech Republic,Kazu
854,Donn,Cahey,dcaheynp@ask.com,Genderfluid,86(755)168-3196,China,Yakitri
855,Emyle,Guidera,eguideranq@washingtonpost.com,Female,30(849)316-2010,Greece,Jabbercube
856,Junette,Hayers,jhayersnr@skype.com,Female,7(252)621-3095,Russia,Trilia
857,Butch,Goane,bgoanens@sun.com,Male,34(725)331-5623,Spain,Mita
858,Shani,Shillaber,sshillabernt@mozilla.org,Female,33(953)949-5002,France,Flipstorm
859,Germana,Flewitt,gflewittnu@cnbc.com,Female,66(897)104-4659,Thailand,Lazzy
860,Hastie,Poynter,hpoynternv@reference.com,Genderqueer,84(771)924-5505,Vietnam,Centimia
861,Jock,Garbutt,jgarbuttnw@kickstarter.com,Male,1(533)350-4492,Canada,Dynava
862,Curr,Brace,cbracenx@cornell.edu,Male,7(720)327-7637,Russia,Avavee
863,Wallis,Giraudel,wgiraudelny@bigcartel.com,Male,377(858)845-5681,Monaco,Divape
864,Debra,Farman,dfarmannz@amazon.co.uk,Agender,33(664)409-0693,France,Oodoo
865,Garner,Janiszewski,gjaniszewskio0@techcrunch.com,Male,48(276)962-8750,Poland,Dabjam
866,Clovis,Rikard,crikardo1@statcounter.com,Female,33(360)883-8575,France,Brainbox
867,Worth,Quogan,wquogano2@delicious.com,Male,48(176)278-8249,Poland,Edgeblab
868,Dorelle,Sigmund,dsigmundo3@de.vu,Polygender,86(284)464-0648,China,Meeveo
869,Darcy,Frudd,dfruddo4@about.me,Female,380(307)618-4732,Ukraine,Twitterworks
870,Papageno,Peete,ppeeteo5@miibeian.gov.cn,Male,46(737)201-9482,Sweden,Twitterbridge
871,Anatollo,Gennrich,agennricho6@topsy.com,Male,62(716)886-6629,Indonesia,Dynabox
872,Kevan,Seer,kseero7@abc.net.au,Male,351(146)546-1204,Portugal,Flipstorm
873,Norry,MacArd,nmacardo8@linkedin.com,Female,244(251)614-5830,Angola,InnoZ
874,Davy,Coggill,dcoggillo9@smugmug.com,Genderfluid,86(721)827-3992,China,Twinte
875,Malinde,Vagg,mvaggoa@theglobeandmail.com,Female,351(331)813-7290,Portugal,Skipfire
876,Brittan,McGriele,bmcgrieleob@uiuc.edu,Female,54(935)510-5298,Argentina,Kamba
877,Rosella,Romi,rromioc@oakley.com,Female,7(666)807-2481,Russia,Zazio
878,Nicko,Mayward,nmaywardod@latimes.com,Male,228(755)971-8654,Togo,Browsedrive
879,Jobi,Coker,jcokeroe@pen.io,Female,355(222)227-7738,Albania,Skimia
880,Eduino,Songer,esongerof@google.co.jp,Male,86(969)145-0635,China,Skyvu
881,Bartlet,Behninck,bbehninckog@over-blog.com,Male,62(140)952-6382,Indonesia,Brainverse
882,Leicester,Cram,lcramoh@tuttocitta.it,Male,86(271)740-4950,China,Gabvine
883,Lois,Gaveltone,lgaveltoneoi@netlog.com,Female,256(745)483-6413,Uganda,Rhybox
884,Zedekiah,Filipson,zfilipsonoj@tripadvisor.com,Male,52(826)521-2704,Mexico,Linkbridge
885,Estella,Micheli,emicheliok@vinaora.com,Non-binary,86(159)782-7229,China,Blogtags
886,Kurt,Duplain,kduplainol@reverbnation.com,Male,98(754)927-0768,Iran,Realmix
887,Blinnie,Sage,bsageom@blogs.com,Female,504(983)823-1795,Honduras,Vinder
888,Mellicent,Esson,messonon@blogspot.com,Female,62(600)929-6357,Indonesia,Innotype
889,Amie,Wilshere,awilshereoo@epa.gov,Female,51(839)537-9836,Peru,Skyba
890,Calv,Malkinson,cmalkinsonop@loc.gov,Male,351(580)760-5542,Portugal,Pixoboo
891,Donalt,Guilliatt,dguilliattoq@zimbio.com,Male,86(840)752-9893,China,Avamm
892,Sinclair,Meffin,smeffinor@smugmug.com,Male,52(417)256-0358,Mexico,Edgewire
893,Spence,Dearman,sdearmanos@tripadvisor.com,Male,55(198)811-3835,Brazil,Linkbuzz
894,Lilith,McKimmey,lmckimmeyot@netvibes.com,Female,504(866)575-4053,Honduras,Talane
895,Ardith,Myford,amyfordou@ucoz.ru,Female,47(728)783-9334,Norway,Flashset
896,Wilmer,Nys,wnysov@altervista.org,Male,62(229)408-6016,Indonesia,Voonyx
897,Worden,Mettricke,wmettrickeow@myspace.com,Male,33(731)858-6338,France,Thoughtmix
898,Devlen,O Mullen,domullenox@thetimes.co.uk,Male,86(426)370-5833,China,Zoomlounge
899,Abby,Cherry,acherryoy@mediafire.com,Female,86(462)674-3715,China,Yoveo
900,Meaghan,Mettetal,mmettetaloz@arizona.edu,Female,256(598)835-5058,Uganda,Fadeo
901,Dina,Callander,dcallanderp0@phpbb.com,Female,7(723)100-7656,Russia,Tagfeed
902,Berke,Castillou,bcastilloup1@ftc.gov,Male,420(911)187-9416,Czech Republic,Devpoint
903,Nananne,Ancliff,nancliffp2@mtv.com,Female,93(781)199-1037,Afghanistan,Thoughtblab
904,Virgilio,Attarge,vattargep3@java.com,Male,86(446)686-6725,China,Photobug
905,Giorgio,Kopfer,gkopferp4@list-manage.com,Male,1(701)395-3818,United States,Eayo
906,Lura,Cowdery,lcowderyp5@ca.gov,Female,66(887)576-0527,Thailand,Einti
907,Wendell,Lewzey,wlewzeyp6@so-net.ne.jp,Male,86(895)183-6338,China,Tagcat
908,Alec,Gehringer,agehringerp7@google.es,Male,48(246)690-5120,Poland,Blogpad
909,Cirstoforo,Tatersale,ctatersalep8@washington.edu,Genderqueer,86(865)825-3222,China,Youfeed
910,Nicholle,Ellse,nellsep9@scribd.com,Female,255(959)483-9563,Tanzania,Photojam
911,Horton,Winks,hwinkspa@ibm.com,Male,62(594)110-9023,Indonesia,Brainlounge
912,Ree,Brocks,rbrockspb@odnoklassniki.ru,Female,86(389)964-0379,China,Cogidoo
913,Barnabas,Grimsditch,bgrimsditchpc@google.nl,Male,386(279)464-2043,Slovenia,Rhyloo
914,Cherilyn,de Lloyd,cdelloydpd@google.pl,Female,53(641)213-0359,Cuba,Topiczoom
915,Marguerite,Rudgard,mrudgardpe@mlb.com,Female,57(319)550-1567,Colombia,Eamia
916,Blanche,Wingate,bwingatepf@wired.com,Female,375(946)317-0027,Belarus,Gabtype
917,Howie,Flanaghan,hflanaghanpg@wunderground.com,Male,86(547)796-9663,China,Yombu
918,Witty,Naisbitt,wnaisbittph@yale.edu,Male,46(645)754-9017,Sweden,Youtags
919,Conni,Tippett,ctippettpi@delicious.com,Agender,7(521)885-0028,Russia,Photobean
920,Willi,Moysey,wmoyseypj@w3.org,Female,57(139)756-0734,Colombia,Kayveo
921,Yolanthe,Wooland,ywoolandpk@networkadvertising.org,Female,62(450)280-7807,Indonesia,Layo
922,Nara,Stenet,nstenetpl@craigslist.org,Female,675(290)216-1418,Papua New Guinea,Topicware
923,Dorotea,MacEllen,dmacellenpm@dion.ne.jp,Female,1(704)849-3540,United States,Yombu
924,Levon,Pletts,lplettspn@miitbeian.gov.cn,Male,64(150)569-0577,New Zealand,Divavu
925,Gottfried,Ginnell,gginnellpo@sina.com.cn,Male,86(768)420-9643,China,Skinder
926,Kayne,de Guerre,kdeguerrepp@ovh.net,Male,48(235)754-8807,Poland,Wikivu
927,Allyson,Vaissiere,avaissierepq@aol.com,Female,1(940)949-8871,United States,Dynazzy
928,Dionne,Juszczak,djuszczakpr@rediff.com,Female,7(297)545-1922,Russia,Youspan
929,Valerye,Tressler,vtresslerps@zdnet.com,Female,62(238)642-0412,Indonesia,Izio
930,Ilise,Knappett,iknappettpt@redcross.org,Female,7(432)124-7363,Russia,Fadeo
931,Bryn,Pirrone,bpirronepu@github.com,Female,267(395)792-7219,Botswana,Quatz
932,Sofie,Moreno,smorenopv@youtu.be,Female,86(695)229-8865,China,Linkbridge
933,Rodrique,Raithbie,rraithbiepw@seattletimes.com,Male,223(451)361-0572,Mali,Katz
934,Fancie,Juris,fjurispx@chicagotribune.com,Female,84(104)304-8701,Vietnam,Trupe
935,Eleonore,Ackery,eackerypy@skyrock.com,Female,62(116)841-6945,Indonesia,Camido
936,Desdemona,Gowthorpe,dgowthorpepz@mozilla.com,Female,976(567)749-2653,Mongolia,Muxo
937,Gerick,Bowstead,gbowsteadq0@springer.com,Male,55(631)112-5389,Brazil,Roodel
938,Hettie,Swafford,hswaffordq1@ed.gov,Female,46(103)777-0869,Sweden,Skyndu
939,Lexie,Pimlett,lpimlettq2@forbes.com,Female,62(170)996-9621,Indonesia,Bluejam
940,Shaun,Donohue,sdonohueq3@posterous.com,Male,51(990)873-4906,Peru,Thoughtstorm
941,Kendrick,Conew,kconewq4@ebay.com,Genderfluid,93(373)307-4854,Afghanistan,Browseblab
942,Oralia,Yearne,oyearneq5@theguardian.com,Female,7(591)819-4253,Russia,Pixonyx
943,Arlyn,Haddeston,ahaddestonq6@dedecms.com,Female,46(720)542-2413,Sweden,InnoZ
944,Toinette,Casburn,tcasburnq7@pbs.org,Non-binary,7(551)710-4718,Russia,Meedoo
945,Sandie,Rosetti,srosettiq8@discovery.com,Female,506(474)331-7687,Costa Rica,Aimbu
946,Leodora,Wasiela,lwasielaq9@vistaprint.com,Female,62(659)639-8365,Indonesia,Rhyloo
947,Falkner,Aust,faustqa@nih.gov,Male,33(564)917-2086,France,Bubblebox
948,Charity,Monkleigh,cmonkleighqb@smh.com.au,Female,591(553)601-2635,Bolivia,Babbleset
949,Gerri,Teideman,gteidemanqc@live.com,Male,48(279)929-1050,Poland,Babbleopia
950,Elliot,Walentynowicz,ewalentynowiczqd@marketwatch.com,Male,351(158)551-5755,Portugal,Twitterbeat
951,Jacquenetta,Bucklan,jbucklanqe@etsy.com,Female,976(925)966-2283,Mongolia,Dynava
952,Jeanette,Banks,jbanksqf@linkedin.com,Female,62(983)407-0503,Indonesia,Jaxspan
953,Cyrus,Mitchley,cmitchleyqg@hud.gov,Male,86(521)966-1605,China,Jayo
954,Tove,Rosingdall,trosingdallqh@whitehouse.gov,Female,63(615)811-6267,Philippines,Skyndu
955,Kristofor,Flew,kflewqi@alibaba.com,Male,84(707)229-2520,Vietnam,Jatri
956,Teddie,Harnett,tharnettqj@geocities.jp,Female,967(401)203-8512,Yemen,Agimba
957,Sandie,Moreno,smorenoqk@theglobeandmail.com,Female,86(770)940-9732,China,Photospace
958,Jillane,Bradbury,jbradburyql@surveymonkey.com,Female,63(452)138-0298,Philippines,Skiba
959,Heriberto,Flintoft,hflintoftqm@alibaba.com,Male,62(508)906-5847,Indonesia,Yotz
960,Karie,Bault,kbaultqn@soup.io,Female,33(272)311-7092,France,Rhyzio
961,Lily,Goodered,lgooderedqo@flickr.com,Female,1(785)822-7548,United States,Abata
962,Haley,Mattioni,hmattioniqp@livejournal.com,Male,351(107)511-2638,Portugal,Skiba
963,Tan,Hanscombe,thanscombeqq@wikia.com,Male,84(801)124-9906,Vietnam,Quamba
964,Terry,Dottridge,tdottridgeqr@usatoday.com,Male,591(663)477-3922,Bolivia,Layo
965,Luciano,Reford,lrefordqs@amazon.co.jp,Male,351(334)811-3640,Portugal,Skiba
966,Tyrone,Mustard,tmustardqt@wikipedia.org,Male,55(440)508-9605,Brazil,Yoveo
967,Pryce,Nornable,pnornablequ@china.com.cn,Male,81(783)476-9496,Japan,Latz
968,Goldina,Pritchitt,gpritchittqv@slate.com,Female,86(612)964-1488,China,Skyvu
969,Brander,Attwill,battwillqw@wunderground.com,Male,62(661)237-4250,Indonesia,Yotz
970,Katey,Iddiens,kiddiensqx@bloglines.com,Agender,57(767)611-0952,Colombia,Trudeo
971,Nilson,Orneles,nornelesqy@tinyurl.com,Male,62(260)862-6516,Indonesia,Kaymbo
972,Wendy,Gras,wgrasqz@themeforest.net,Non-binary,381(389)138-5816,Serbia,Centidel
973,Ade,Kores,akoresr0@indiegogo.com,Male,1(202)685-0807,United States,Buzzbean
974,Zena,Yeldham,zyeldhamr1@ft.com,Female,675(615)775-5573,Papua New Guinea,Skalith
975,Jenda,Scoyles,jscoylesr2@google.nl,Female,351(933)952-3211,Portugal,Zoomcast
976,Curry,Scroggs,cscroggsr3@webs.com,Male,55(123)404-8227,Brazil,Feedfire
977,Noach,Jansie,njansier4@dmoz.org,Agender,62(604)376-4554,Indonesia,Topicstorm
978,Stanislaus,Caulliere,scaullierer5@canalblog.com,Male,62(878)689-8870,Indonesia,Browsecat
979,Marjorie,Golagley,mgolagleyr6@dmoz.org,Female,36(374)572-0386,Hungary,Tanoodle
980,Lawton,Askham,laskhamr7@discuz.net,Male,63(889)708-7033,Philippines,Shufflester
981,Piper,Snowding,psnowdingr8@abc.net.au,Female,251(770)710-1813,Ethiopia,Dabshots
982,Freedman,Sive,fsiver9@instagram.com,Male,62(234)918-4293,Indonesia,Roomm
983,Haydon,Easey,heaseyra@imageshack.us,Male,62(657)389-2961,Indonesia,Ailane
984,Katharyn,Driscoll,kdriscollrb@reddit.com,Female,86(288)302-0150,China,Riffwire
985,Pebrook,Closs,pclossrc@flickr.com,Male,63(210)886-2473,Philippines,Feedfire
986,Adolph,Oxton,aoxtonrd@gnu.org,Male,86(805)107-1189,China,Yoveo
987,Syman,Cuppitt,scuppittre@google.com,Male,48(295)151-4468,Poland,Zazio
988,Brianne,Climie,bclimierf@vinaora.com,Female,506(847)618-2057,Costa Rica,Geba
989,Maxim,St. John,mstjohnrg@sciencedirect.com,Male,62(926)702-7731,Indonesia,Abatz
990,Scott,Wearn,swearnrh@mac.com,Male,54(480)986-9462,Argentina,Camido
991,Mattheus,Addison,maddisonri@baidu.com,Male,1(904)915-2629,United States,Divanoodle
992,Simone,Blumire,sblumirerj@macromedia.com,Female,86(561)848-6021,China,Kayveo
993,Jayme,Foggo,jfoggork@ehow.com,Male,94(425)472-3094,Sri Lanka,Eadel
994,Antonetta,Gianulli,agianullirl@vistaprint.com,Female,254(319)116-1291,Kenya,Skalith
995,Sallee,McCleod,smccleodrm@amazonaws.com,Female,27(772)894-7777,South Africa,Oyoba
996,Mona,Hands,mhandsrn@g.co,Female,48(285)510-6208,Poland,Yata
997,Brynn,Pottery,bpotteryro@europa.eu,Female,7(606)560-2371,Russia,Kayveo
998,Vance,Sauvan,vsauvanrp@craigslist.org,Genderfluid,213(472)395-5131,Algeria,Cogibox
999,Junina,Abelov,jabelovrq@nifty.com,Female,7(510)716-4032,Russia,Vidoo
1000,Joellyn,Yesson,jyessonrr@patch.com,Non-binary,972(639)265-6293,Israel,Zoonder
